benchmark,onnx_file,vnnlib_file,ground_truth,n_sat,n_unsat,n_timeout,n_unknown,n_error,dissenting_tools,source_tools
cifar100_2024,CIFAR100_resnet_large.onnx,CIFAR100_resnet_large_prop_idx_1059_sidx_6596_eps_0.0039.vnnlib,unsat,0,1,3,2,0,,nnv
cifar100_2024,CIFAR100_resnet_large.onnx,CIFAR100_resnet_large_prop_idx_1063_sidx_7948_eps_0.0039.vnnlib,sat,2,1,1,2,0,nnv,"alpha_beta_crown,neuralsat,nnv"
cifar100_2024,CIFAR100_resnet_large.onnx,CIFAR100_resnet_large_prop_idx_1105_sidx_9000_eps_0.0039.vnnlib,unsat,0,1,3,2,0,,nnv
cifar100_2024,CIFAR100_resnet_large.onnx,CIFAR100_resnet_large_prop_idx_1216_sidx_6431_eps_0.0039.vnnlib,unsat,0,1,3,2,0,,nnv
cifar100_2024,CIFAR100_resnet_large.onnx,CIFAR100_resnet_large_prop_idx_1241_sidx_5679_eps_0.0039.vnnlib,sat,3,1,0,2,0,nnv,"alpha_beta_crown,neuralsat,pyrat,nnv"
cifar100_2024,CIFAR100_resnet_large.onnx,CIFAR100_resnet_large_prop_idx_1280_sidx_5310_eps_0.0039.vnnlib,unsat,0,4,0,2,0,,"alpha_beta_crown,neuralsat,nnv,pyrat"
cifar100_2024,CIFAR100_resnet_large.onnx,CIFAR100_resnet_large_prop_idx_1298_sidx_33_eps_0.0039.vnnlib,unsat,0,4,0,2,0,,"alpha_beta_crown,neuralsat,nnv,pyrat"
cifar100_2024,CIFAR100_resnet_large.onnx,CIFAR100_resnet_large_prop_idx_1309_sidx_8525_eps_0.0039.vnnlib,unsat,0,1,3,2,0,,nnv
cifar100_2024,CIFAR100_resnet_large.onnx,CIFAR100_resnet_large_prop_idx_1426_sidx_3855_eps_0.0039.vnnlib,unsat,0,1,2,2,1,,nnv
cifar100_2024,CIFAR100_resnet_large.onnx,CIFAR100_resnet_large_prop_idx_1439_sidx_8354_eps_0.0039.vnnlib,unsat,0,4,0,2,0,,"alpha_beta_crown,neuralsat,nnv,pyrat"
cifar100_2024,CIFAR100_resnet_large.onnx,CIFAR100_resnet_large_prop_idx_1456_sidx_5797_eps_0.0039.vnnlib,unsat,0,1,3,2,0,,nnv
cifar100_2024,CIFAR100_resnet_large.onnx,CIFAR100_resnet_large_prop_idx_1590_sidx_2858_eps_0.0039.vnnlib,unsat,0,4,0,2,0,,"alpha_beta_crown,neuralsat,nnv,pyrat"
cifar100_2024,CIFAR100_resnet_large.onnx,CIFAR100_resnet_large_prop_idx_1913_sidx_2767_eps_0.0039.vnnlib,unsat,0,1,3,2,0,,nnv
cifar100_2024,CIFAR100_resnet_large.onnx,CIFAR100_resnet_large_prop_idx_1938_sidx_6556_eps_0.0039.vnnlib,unsat,0,4,0,2,0,,"alpha_beta_crown,neuralsat,nnv,pyrat"
cifar100_2024,CIFAR100_resnet_large.onnx,CIFAR100_resnet_large_prop_idx_2132_sidx_6868_eps_0.0039.vnnlib,sat,3,1,0,2,0,nnv,"alpha_beta_crown,neuralsat,pyrat,nnv"
cifar100_2024,CIFAR100_resnet_large.onnx,CIFAR100_resnet_large_prop_idx_2302_sidx_3657_eps_0.0039.vnnlib,unsat,0,4,0,2,0,,"alpha_beta_crown,neuralsat,nnv,pyrat"
cifar100_2024,CIFAR100_resnet_large.onnx,CIFAR100_resnet_large_prop_idx_2461_sidx_2912_eps_0.0039.vnnlib,unsat,0,4,0,2,0,,"alpha_beta_crown,neuralsat,nnv,pyrat"
cifar100_2024,CIFAR100_resnet_large.onnx,CIFAR100_resnet_large_prop_idx_2624_sidx_917_eps_0.0039.vnnlib,unsat,0,1,3,2,0,,nnv
cifar100_2024,CIFAR100_resnet_large.onnx,CIFAR100_resnet_large_prop_idx_2630_sidx_1753_eps_0.0039.vnnlib,sat,3,1,0,2,0,nnv,"alpha_beta_crown,neuralsat,pyrat,nnv"
cifar100_2024,CIFAR100_resnet_large.onnx,CIFAR100_resnet_large_prop_idx_2636_sidx_1992_eps_0.0039.vnnlib,unsat,0,1,3,2,0,,nnv
cifar100_2024,CIFAR100_resnet_large.onnx,CIFAR100_resnet_large_prop_idx_2668_sidx_2652_eps_0.0039.vnnlib,unsat,0,4,0,2,0,,"alpha_beta_crown,neuralsat,nnv,pyrat"
cifar100_2024,CIFAR100_resnet_large.onnx,CIFAR100_resnet_large_prop_idx_2724_sidx_6459_eps_0.0039.vnnlib,unsat,0,4,0,2,0,,"alpha_beta_crown,neuralsat,nnv,pyrat"
cifar100_2024,CIFAR100_resnet_large.onnx,CIFAR100_resnet_large_prop_idx_276_sidx_476_eps_0.0039.vnnlib,unsat,0,1,3,2,0,,nnv
cifar100_2024,CIFAR100_resnet_large.onnx,CIFAR100_resnet_large_prop_idx_2783_sidx_8903_eps_0.0039.vnnlib,unsat,0,1,3,2,0,,nnv
cifar100_2024,CIFAR100_resnet_large.onnx,CIFAR100_resnet_large_prop_idx_2993_sidx_2485_eps_0.0039.vnnlib,unsat,0,4,0,2,0,,"alpha_beta_crown,neuralsat,nnv,pyrat"
cifar100_2024,CIFAR100_resnet_large.onnx,CIFAR100_resnet_large_prop_idx_2998_sidx_6947_eps_0.0039.vnnlib,unsat,0,1,3,2,0,,nnv
cifar100_2024,CIFAR100_resnet_large.onnx,CIFAR100_resnet_large_prop_idx_3143_sidx_9413_eps_0.0039.vnnlib,unsat,0,4,0,2,0,,"alpha_beta_crown,neuralsat,nnv,pyrat"
cifar100_2024,CIFAR100_resnet_large.onnx,CIFAR100_resnet_large_prop_idx_3355_sidx_212_eps_0.0039.vnnlib,unsat,0,3,1,2,0,,"alpha_beta_crown,neuralsat,nnv"
cifar100_2024,CIFAR100_resnet_large.onnx,CIFAR100_resnet_large_prop_idx_3443_sidx_918_eps_0.0039.vnnlib,unsat,0,2,1,2,1,,"alpha_beta_crown,nnv"
cifar100_2024,CIFAR100_resnet_large.onnx,CIFAR100_resnet_large_prop_idx_3573_sidx_2903_eps_0.0039.vnnlib,unsat,0,3,1,2,0,,"alpha_beta_crown,neuralsat,nnv"
cifar100_2024,CIFAR100_resnet_large.onnx,CIFAR100_resnet_large_prop_idx_3585_sidx_3469_eps_0.0039.vnnlib,sat,3,1,0,2,0,nnv,"alpha_beta_crown,neuralsat,pyrat,nnv"
cifar100_2024,CIFAR100_resnet_large.onnx,CIFAR100_resnet_large_prop_idx_3681_sidx_4987_eps_0.0039.vnnlib,unsat,0,3,1,2,0,,"alpha_beta_crown,neuralsat,nnv"
cifar100_2024,CIFAR100_resnet_large.onnx,CIFAR100_resnet_large_prop_idx_3703_sidx_3842_eps_0.0039.vnnlib,unsat,0,1,2,2,1,,nnv
cifar100_2024,CIFAR100_resnet_large.onnx,CIFAR100_resnet_large_prop_idx_3812_sidx_8477_eps_0.0039.vnnlib,unsat,0,1,3,2,0,,nnv
cifar100_2024,CIFAR100_resnet_large.onnx,CIFAR100_resnet_large_prop_idx_383_sidx_3388_eps_0.0039.vnnlib,unsat,0,1,2,2,1,,nnv
cifar100_2024,CIFAR100_resnet_large.onnx,CIFAR100_resnet_large_prop_idx_3858_sidx_134_eps_0.0039.vnnlib,unsat,0,2,2,2,0,,"alpha_beta_crown,nnv"
cifar100_2024,CIFAR100_resnet_large.onnx,CIFAR100_resnet_large_prop_idx_3894_sidx_5803_eps_0.0039.vnnlib,unsat,0,3,1,2,0,,"alpha_beta_crown,nnv,pyrat"
cifar100_2024,CIFAR100_resnet_large.onnx,CIFAR100_resnet_large_prop_idx_3950_sidx_4217_eps_0.0039.vnnlib,unsat,0,2,2,2,0,,"alpha_beta_crown,nnv"
cifar100_2024,CIFAR100_resnet_large.onnx,CIFAR100_resnet_large_prop_idx_4227_sidx_5883_eps_0.0039.vnnlib,unsat,0,1,3,2,0,,nnv
cifar100_2024,CIFAR100_resnet_large.onnx,CIFAR100_resnet_large_prop_idx_4322_sidx_9995_eps_0.0039.vnnlib,sat,3,1,0,2,0,nnv,"alpha_beta_crown,neuralsat,pyrat,nnv"
cifar100_2024,CIFAR100_resnet_large.onnx,CIFAR100_resnet_large_prop_idx_4385_sidx_9116_eps_0.0039.vnnlib,unsat,0,4,0,2,0,,"alpha_beta_crown,neuralsat,nnv,pyrat"
cifar100_2024,CIFAR100_resnet_large.onnx,CIFAR100_resnet_large_prop_idx_4486_sidx_8828_eps_0.0039.vnnlib,unsat,0,4,0,2,0,,"alpha_beta_crown,neuralsat,nnv,pyrat"
cifar100_2024,CIFAR100_resnet_large.onnx,CIFAR100_resnet_large_prop_idx_4571_sidx_3801_eps_0.0039.vnnlib,sat,4,0,0,2,0,,"alpha_beta_crown,cora,neuralsat,pyrat"
cifar100_2024,CIFAR100_resnet_large.onnx,CIFAR100_resnet_large_prop_idx_4652_sidx_1371_eps_0.0039.vnnlib,unsat,0,1,3,2,0,,nnv
cifar100_2024,CIFAR100_resnet_large.onnx,CIFAR100_resnet_large_prop_idx_4757_sidx_803_eps_0.0039.vnnlib,unsat,0,4,0,2,0,,"alpha_beta_crown,neuralsat,nnv,pyrat"
cifar100_2024,CIFAR100_resnet_large.onnx,CIFAR100_resnet_large_prop_idx_483_sidx_7371_eps_0.0039.vnnlib,unsat,0,4,0,2,0,,"alpha_beta_crown,neuralsat,nnv,pyrat"
cifar100_2024,CIFAR100_resnet_large.onnx,CIFAR100_resnet_large_prop_idx_484_sidx_161_eps_0.0039.vnnlib,unsat,0,4,0,2,0,,"alpha_beta_crown,neuralsat,nnv,pyrat"
cifar100_2024,CIFAR100_resnet_large.onnx,CIFAR100_resnet_large_prop_idx_4862_sidx_9853_eps_0.0039.vnnlib,unsat,0,1,2,2,1,,nnv
cifar100_2024,CIFAR100_resnet_large.onnx,CIFAR100_resnet_large_prop_idx_496_sidx_1194_eps_0.0039.vnnlib,unsat,0,4,0,2,0,,"alpha_beta_crown,neuralsat,nnv,pyrat"
cifar100_2024,CIFAR100_resnet_large.onnx,CIFAR100_resnet_large_prop_idx_5162_sidx_8126_eps_0.0039.vnnlib,sat,2,1,1,2,0,nnv,"alpha_beta_crown,neuralsat,nnv"
cifar100_2024,CIFAR100_resnet_large.onnx,CIFAR100_resnet_large_prop_idx_5230_sidx_242_eps_0.0039.vnnlib,unsat,0,2,1,2,1,,"alpha_beta_crown,nnv"
cifar100_2024,CIFAR100_resnet_large.onnx,CIFAR100_resnet_large_prop_idx_5308_sidx_1650_eps_0.0039.vnnlib,unsat,0,4,0,2,0,,"alpha_beta_crown,neuralsat,nnv,pyrat"
cifar100_2024,CIFAR100_resnet_large.onnx,CIFAR100_resnet_large_prop_idx_5410_sidx_2762_eps_0.0039.vnnlib,unsat,0,4,0,2,0,,"alpha_beta_crown,neuralsat,nnv,pyrat"
cifar100_2024,CIFAR100_resnet_large.onnx,CIFAR100_resnet_large_prop_idx_5522_sidx_5863_eps_0.0039.vnnlib,unsat,0,1,3,2,0,,nnv
cifar100_2024,CIFAR100_resnet_large.onnx,CIFAR100_resnet_large_prop_idx_5546_sidx_4338_eps_0.0039.vnnlib,unsat,0,1,3,2,0,,nnv
cifar100_2024,CIFAR100_resnet_large.onnx,CIFAR100_resnet_large_prop_idx_5769_sidx_1524_eps_0.0039.vnnlib,unsat,0,1,3,2,0,,nnv
cifar100_2024,CIFAR100_resnet_large.onnx,CIFAR100_resnet_large_prop_idx_5804_sidx_1885_eps_0.0039.vnnlib,unsat,0,1,3,2,0,,nnv
cifar100_2024,CIFAR100_resnet_large.onnx,CIFAR100_resnet_large_prop_idx_5810_sidx_7106_eps_0.0039.vnnlib,unsat,0,1,2,2,1,,nnv
cifar100_2024,CIFAR100_resnet_large.onnx,CIFAR100_resnet_large_prop_idx_6101_sidx_3593_eps_0.0039.vnnlib,unsat,0,4,0,2,0,,"alpha_beta_crown,neuralsat,nnv,pyrat"
cifar100_2024,CIFAR100_resnet_large.onnx,CIFAR100_resnet_large_prop_idx_6269_sidx_6873_eps_0.0039.vnnlib,unsat,0,4,0,2,0,,"alpha_beta_crown,neuralsat,nnv,pyrat"
cifar100_2024,CIFAR100_resnet_large.onnx,CIFAR100_resnet_large_prop_idx_62_sidx_313_eps_0.0039.vnnlib,unsat,0,4,0,2,0,,"alpha_beta_crown,neuralsat,nnv,pyrat"
cifar100_2024,CIFAR100_resnet_large.onnx,CIFAR100_resnet_large_prop_idx_6337_sidx_2381_eps_0.0039.vnnlib,unsat,0,4,0,2,0,,"alpha_beta_crown,neuralsat,nnv,pyrat"
cifar100_2024,CIFAR100_resnet_large.onnx,CIFAR100_resnet_large_prop_idx_6341_sidx_3142_eps_0.0039.vnnlib,unsat,0,3,1,2,0,,"alpha_beta_crown,neuralsat,nnv"
cifar100_2024,CIFAR100_resnet_large.onnx,CIFAR100_resnet_large_prop_idx_6343_sidx_1886_eps_0.0039.vnnlib,unsat,0,2,1,2,1,,"alpha_beta_crown,nnv"
cifar100_2024,CIFAR100_resnet_large.onnx,CIFAR100_resnet_large_prop_idx_6418_sidx_7923_eps_0.0039.vnnlib,unsat,0,1,3,2,0,,nnv
cifar100_2024,CIFAR100_resnet_large.onnx,CIFAR100_resnet_large_prop_idx_6491_sidx_3620_eps_0.0039.vnnlib,unsat,0,1,3,2,0,,nnv
cifar100_2024,CIFAR100_resnet_large.onnx,CIFAR100_resnet_large_prop_idx_656_sidx_2209_eps_0.0039.vnnlib,unsat,0,4,0,2,0,,"alpha_beta_crown,neuralsat,nnv,pyrat"
cifar100_2024,CIFAR100_resnet_large.onnx,CIFAR100_resnet_large_prop_idx_6583_sidx_8860_eps_0.0039.vnnlib,sat,3,1,0,2,0,nnv,"alpha_beta_crown,neuralsat,pyrat,nnv"
cifar100_2024,CIFAR100_resnet_large.onnx,CIFAR100_resnet_large_prop_idx_6757_sidx_2400_eps_0.0039.vnnlib,sat,3,1,0,2,0,nnv,"alpha_beta_crown,neuralsat,pyrat,nnv"
cifar100_2024,CIFAR100_resnet_large.onnx,CIFAR100_resnet_large_prop_idx_7104_sidx_9469_eps_0.0039.vnnlib,unsat,0,3,1,2,0,,"alpha_beta_crown,neuralsat,nnv"
cifar100_2024,CIFAR100_resnet_large.onnx,CIFAR100_resnet_large_prop_idx_7233_sidx_4318_eps_0.0039.vnnlib,unsat,0,1,2,2,1,,nnv
cifar100_2024,CIFAR100_resnet_large.onnx,CIFAR100_resnet_large_prop_idx_7436_sidx_5742_eps_0.0039.vnnlib,unsat,0,1,3,2,0,,nnv
cifar100_2024,CIFAR100_resnet_large.onnx,CIFAR100_resnet_large_prop_idx_7554_sidx_8201_eps_0.0039.vnnlib,unsat,0,4,0,2,0,,"alpha_beta_crown,neuralsat,nnv,pyrat"
cifar100_2024,CIFAR100_resnet_large.onnx,CIFAR100_resnet_large_prop_idx_7640_sidx_9025_eps_0.0039.vnnlib,unsat,0,1,3,2,0,,nnv
cifar100_2024,CIFAR100_resnet_large.onnx,CIFAR100_resnet_large_prop_idx_7866_sidx_7980_eps_0.0039.vnnlib,unsat,0,1,3,2,0,,nnv
cifar100_2024,CIFAR100_resnet_large.onnx,CIFAR100_resnet_large_prop_idx_7884_sidx_6926_eps_0.0039.vnnlib,unsat,0,1,3,2,0,,nnv
cifar100_2024,CIFAR100_resnet_large.onnx,CIFAR100_resnet_large_prop_idx_7886_sidx_7064_eps_0.0039.vnnlib,unsat,0,3,1,2,0,,"alpha_beta_crown,nnv,pyrat"
cifar100_2024,CIFAR100_resnet_large.onnx,CIFAR100_resnet_large_prop_idx_7890_sidx_4421_eps_0.0039.vnnlib,sat,3,1,0,2,0,nnv,"alpha_beta_crown,neuralsat,pyrat,nnv"
cifar100_2024,CIFAR100_resnet_large.onnx,CIFAR100_resnet_large_prop_idx_7926_sidx_589_eps_0.0039.vnnlib,unsat,0,4,0,2,0,,"alpha_beta_crown,neuralsat,nnv,pyrat"
cifar100_2024,CIFAR100_resnet_large.onnx,CIFAR100_resnet_large_prop_idx_8005_sidx_2582_eps_0.0039.vnnlib,unsat,0,1,3,2,0,,nnv
cifar100_2024,CIFAR100_resnet_large.onnx,CIFAR100_resnet_large_prop_idx_8012_sidx_5910_eps_0.0039.vnnlib,unsat,0,4,0,2,0,,"alpha_beta_crown,neuralsat,nnv,pyrat"
cifar100_2024,CIFAR100_resnet_large.onnx,CIFAR100_resnet_large_prop_idx_8119_sidx_972_eps_0.0039.vnnlib,unsat,0,2,2,2,0,,"alpha_beta_crown,nnv"
cifar100_2024,CIFAR100_resnet_large.onnx,CIFAR100_resnet_large_prop_idx_8332_sidx_4482_eps_0.0039.vnnlib,sat,3,1,0,2,0,nnv,"alpha_beta_crown,neuralsat,pyrat,nnv"
cifar100_2024,CIFAR100_resnet_large.onnx,CIFAR100_resnet_large_prop_idx_8381_sidx_4474_eps_0.0039.vnnlib,unsat,0,4,0,2,0,,"alpha_beta_crown,neuralsat,nnv,pyrat"
cifar100_2024,CIFAR100_resnet_large.onnx,CIFAR100_resnet_large_prop_idx_8395_sidx_8915_eps_0.0039.vnnlib,unsat,0,3,1,2,0,,"alpha_beta_crown,neuralsat,nnv"
cifar100_2024,CIFAR100_resnet_large.onnx,CIFAR100_resnet_large_prop_idx_8476_sidx_3906_eps_0.0039.vnnlib,unsat,0,1,3,2,0,,nnv
cifar100_2024,CIFAR100_resnet_large.onnx,CIFAR100_resnet_large_prop_idx_8502_sidx_2893_eps_0.0039.vnnlib,sat,2,1,1,2,0,nnv,"alpha_beta_crown,neuralsat,nnv"
cifar100_2024,CIFAR100_resnet_large.onnx,CIFAR100_resnet_large_prop_idx_8589_sidx_3105_eps_0.0039.vnnlib,unsat,0,3,1,2,0,,"alpha_beta_crown,neuralsat,nnv"
cifar100_2024,CIFAR100_resnet_large.onnx,CIFAR100_resnet_large_prop_idx_8748_sidx_4804_eps_0.0039.vnnlib,unsat,0,1,3,2,0,,nnv
cifar100_2024,CIFAR100_resnet_large.onnx,CIFAR100_resnet_large_prop_idx_8865_sidx_700_eps_0.0039.vnnlib,unsat,0,4,0,2,0,,"alpha_beta_crown,neuralsat,nnv,pyrat"
cifar100_2024,CIFAR100_resnet_large.onnx,CIFAR100_resnet_large_prop_idx_9372_sidx_3515_eps_0.0039.vnnlib,unsat,0,3,1,2,0,,"alpha_beta_crown,nnv,pyrat"
cifar100_2024,CIFAR100_resnet_large.onnx,CIFAR100_resnet_large_prop_idx_9460_sidx_4347_eps_0.0039.vnnlib,unsat,0,3,0,2,1,,"alpha_beta_crown,nnv,pyrat"
cifar100_2024,CIFAR100_resnet_large.onnx,CIFAR100_resnet_large_prop_idx_9476_sidx_5602_eps_0.0039.vnnlib,unsat,0,3,1,2,0,,"alpha_beta_crown,neuralsat,nnv"
cifar100_2024,CIFAR100_resnet_large.onnx,CIFAR100_resnet_large_prop_idx_9640_sidx_7273_eps_0.0039.vnnlib,unsat,0,1,3,2,0,,nnv
cifar100_2024,CIFAR100_resnet_large.onnx,CIFAR100_resnet_large_prop_idx_9773_sidx_3718_eps_0.0039.vnnlib,sat,4,0,0,2,0,,"alpha_beta_crown,cora,neuralsat,pyrat"
cifar100_2024,CIFAR100_resnet_large.onnx,CIFAR100_resnet_large_prop_idx_9778_sidx_7516_eps_0.0039.vnnlib,unsat,0,1,2,2,1,,nnv
cifar100_2024,CIFAR100_resnet_large.onnx,CIFAR100_resnet_large_prop_idx_9845_sidx_200_eps_0.0039.vnnlib,sat,4,0,0,2,0,,"alpha_beta_crown,cora,neuralsat,pyrat"
cifar100_2024,CIFAR100_resnet_large.onnx,CIFAR100_resnet_large_prop_idx_9883_sidx_7162_eps_0.0039.vnnlib,unsat,0,4,0,2,0,,"alpha_beta_crown,neuralsat,nnv,pyrat"
cifar100_2024,CIFAR100_resnet_large.onnx,CIFAR100_resnet_large_prop_idx_9935_sidx_75_eps_0.0039.vnnlib,unsat,0,1,3,2,0,,nnv
cifar100_2024,CIFAR100_resnet_large.onnx,CIFAR100_resnet_large_prop_idx_998_sidx_7605_eps_0.0039.vnnlib,unsat,0,1,3,2,0,,nnv
cifar100_2024,CIFAR100_resnet_medium.onnx,CIFAR100_resnet_medium_prop_idx_1190_sidx_8846_eps_0.0039.vnnlib,unsat,0,3,1,2,0,,"alpha_beta_crown,neuralsat,nnv"
cifar100_2024,CIFAR100_resnet_medium.onnx,CIFAR100_resnet_medium_prop_idx_1498_sidx_792_eps_0.0039.vnnlib,unsat,0,4,0,2,0,,"alpha_beta_crown,neuralsat,nnv,pyrat"
cifar100_2024,CIFAR100_resnet_medium.onnx,CIFAR100_resnet_medium_prop_idx_1588_sidx_6654_eps_0.0039.vnnlib,unsat,0,4,0,2,0,,"alpha_beta_crown,neuralsat,nnv,pyrat"
cifar100_2024,CIFAR100_resnet_medium.onnx,CIFAR100_resnet_medium_prop_idx_1592_sidx_3741_eps_0.0039.vnnlib,sat,3,1,0,2,0,nnv,"alpha_beta_crown,neuralsat,pyrat,nnv"
cifar100_2024,CIFAR100_resnet_medium.onnx,CIFAR100_resnet_medium_prop_idx_1642_sidx_7494_eps_0.0039.vnnlib,unsat,0,4,0,2,0,,"alpha_beta_crown,neuralsat,nnv,pyrat"
cifar100_2024,CIFAR100_resnet_medium.onnx,CIFAR100_resnet_medium_prop_idx_1761_sidx_3933_eps_0.0039.vnnlib,unsat,0,3,1,2,0,,"alpha_beta_crown,neuralsat,nnv"
cifar100_2024,CIFAR100_resnet_medium.onnx,CIFAR100_resnet_medium_prop_idx_1798_sidx_1061_eps_0.0039.vnnlib,unsat,0,4,0,2,0,,"alpha_beta_crown,neuralsat,nnv,pyrat"
cifar100_2024,CIFAR100_resnet_medium.onnx,CIFAR100_resnet_medium_prop_idx_2050_sidx_8228_eps_0.0039.vnnlib,unsat,0,3,1,2,0,,"alpha_beta_crown,neuralsat,nnv"
cifar100_2024,CIFAR100_resnet_medium.onnx,CIFAR100_resnet_medium_prop_idx_2132_sidx_6868_eps_0.0039.vnnlib,unsat,0,3,1,2,0,,"alpha_beta_crown,neuralsat,nnv"
cifar100_2024,CIFAR100_resnet_medium.onnx,CIFAR100_resnet_medium_prop_idx_2176_sidx_3285_eps_0.0039.vnnlib,unsat,0,1,3,2,0,,nnv
cifar100_2024,CIFAR100_resnet_medium.onnx,CIFAR100_resnet_medium_prop_idx_230_sidx_1968_eps_0.0039.vnnlib,unsat,0,3,1,2,0,,"alpha_beta_crown,neuralsat,nnv"
cifar100_2024,CIFAR100_resnet_medium.onnx,CIFAR100_resnet_medium_prop_idx_2352_sidx_2704_eps_0.0039.vnnlib,sat,3,1,0,2,0,nnv,"alpha_beta_crown,neuralsat,pyrat,nnv"
cifar100_2024,CIFAR100_resnet_medium.onnx,CIFAR100_resnet_medium_prop_idx_2477_sidx_388_eps_0.0039.vnnlib,unsat,0,3,1,2,0,,"alpha_beta_crown,neuralsat,nnv"
cifar100_2024,CIFAR100_resnet_medium.onnx,CIFAR100_resnet_medium_prop_idx_2551_sidx_9941_eps_0.0039.vnnlib,unsat,0,4,0,2,0,,"alpha_beta_crown,neuralsat,nnv,pyrat"
cifar100_2024,CIFAR100_resnet_medium.onnx,CIFAR100_resnet_medium_prop_idx_2557_sidx_6196_eps_0.0039.vnnlib,unsat,0,1,3,2,0,,nnv
cifar100_2024,CIFAR100_resnet_medium.onnx,CIFAR100_resnet_medium_prop_idx_2697_sidx_4836_eps_0.0039.vnnlib,sat,4,0,0,2,0,,"alpha_beta_crown,cora,neuralsat,pyrat"
cifar100_2024,CIFAR100_resnet_medium.onnx,CIFAR100_resnet_medium_prop_idx_2779_sidx_6416_eps_0.0039.vnnlib,unsat,0,2,2,2,0,,"alpha_beta_crown,nnv"
cifar100_2024,CIFAR100_resnet_medium.onnx,CIFAR100_resnet_medium_prop_idx_2925_sidx_8815_eps_0.0039.vnnlib,unsat,0,3,1,2,0,,"alpha_beta_crown,neuralsat,nnv"
cifar100_2024,CIFAR100_resnet_medium.onnx,CIFAR100_resnet_medium_prop_idx_3006_sidx_928_eps_0.0039.vnnlib,unsat,0,3,1,2,0,,"alpha_beta_crown,neuralsat,nnv"
cifar100_2024,CIFAR100_resnet_medium.onnx,CIFAR100_resnet_medium_prop_idx_3184_sidx_9092_eps_0.0039.vnnlib,unsat,0,1,3,2,0,,nnv
cifar100_2024,CIFAR100_resnet_medium.onnx,CIFAR100_resnet_medium_prop_idx_3247_sidx_1605_eps_0.0039.vnnlib,unsat,0,1,3,2,0,,nnv
cifar100_2024,CIFAR100_resnet_medium.onnx,CIFAR100_resnet_medium_prop_idx_3343_sidx_1406_eps_0.0039.vnnlib,unsat,0,4,0,2,0,,"alpha_beta_crown,neuralsat,nnv,pyrat"
cifar100_2024,CIFAR100_resnet_medium.onnx,CIFAR100_resnet_medium_prop_idx_3418_sidx_4225_eps_0.0039.vnnlib,unsat,0,4,0,2,0,,"alpha_beta_crown,neuralsat,nnv,pyrat"
cifar100_2024,CIFAR100_resnet_medium.onnx,CIFAR100_resnet_medium_prop_idx_3852_sidx_2848_eps_0.0039.vnnlib,unsat,0,3,1,2,0,,"alpha_beta_crown,neuralsat,nnv"
cifar100_2024,CIFAR100_resnet_medium.onnx,CIFAR100_resnet_medium_prop_idx_3898_sidx_9109_eps_0.0039.vnnlib,unsat,0,1,3,2,0,,nnv
cifar100_2024,CIFAR100_resnet_medium.onnx,CIFAR100_resnet_medium_prop_idx_4169_sidx_9758_eps_0.0039.vnnlib,unsat,0,1,3,2,0,,nnv
cifar100_2024,CIFAR100_resnet_medium.onnx,CIFAR100_resnet_medium_prop_idx_4191_sidx_3301_eps_0.0039.vnnlib,unsat,0,3,1,2,0,,"alpha_beta_crown,neuralsat,nnv"
cifar100_2024,CIFAR100_resnet_medium.onnx,CIFAR100_resnet_medium_prop_idx_425_sidx_9099_eps_0.0039.vnnlib,unsat,0,1,3,2,0,,nnv
cifar100_2024,CIFAR100_resnet_medium.onnx,CIFAR100_resnet_medium_prop_idx_4429_sidx_1471_eps_0.0039.vnnlib,unsat,0,4,0,2,0,,"alpha_beta_crown,neuralsat,nnv,pyrat"
cifar100_2024,CIFAR100_resnet_medium.onnx,CIFAR100_resnet_medium_prop_idx_4475_sidx_752_eps_0.0039.vnnlib,unsat,0,1,3,2,0,,nnv
cifar100_2024,CIFAR100_resnet_medium.onnx,CIFAR100_resnet_medium_prop_idx_4597_sidx_282_eps_0.0039.vnnlib,unsat,0,1,3,2,0,,nnv
cifar100_2024,CIFAR100_resnet_medium.onnx,CIFAR100_resnet_medium_prop_idx_4605_sidx_6225_eps_0.0039.vnnlib,unsat,0,4,0,2,0,,"alpha_beta_crown,neuralsat,nnv,pyrat"
cifar100_2024,CIFAR100_resnet_medium.onnx,CIFAR100_resnet_medium_prop_idx_4752_sidx_1800_eps_0.0039.vnnlib,sat,2,1,1,2,0,nnv,"alpha_beta_crown,neuralsat,nnv"
cifar100_2024,CIFAR100_resnet_medium.onnx,CIFAR100_resnet_medium_prop_idx_4760_sidx_4651_eps_0.0039.vnnlib,unsat,0,3,1,2,0,,"alpha_beta_crown,neuralsat,nnv"
cifar100_2024,CIFAR100_resnet_medium.onnx,CIFAR100_resnet_medium_prop_idx_4898_sidx_6695_eps_0.0039.vnnlib,unsat,0,1,3,2,0,,nnv
cifar100_2024,CIFAR100_resnet_medium.onnx,CIFAR100_resnet_medium_prop_idx_4921_sidx_3617_eps_0.0039.vnnlib,unsat,0,3,1,2,0,,"alpha_beta_crown,neuralsat,nnv"
cifar100_2024,CIFAR100_resnet_medium.onnx,CIFAR100_resnet_medium_prop_idx_4964_sidx_5266_eps_0.0039.vnnlib,unsat,0,1,3,2,0,,nnv
cifar100_2024,CIFAR100_resnet_medium.onnx,CIFAR100_resnet_medium_prop_idx_5001_sidx_1154_eps_0.0039.vnnlib,sat,4,0,0,2,0,,"alpha_beta_crown,cora,neuralsat,pyrat"
cifar100_2024,CIFAR100_resnet_medium.onnx,CIFAR100_resnet_medium_prop_idx_5127_sidx_993_eps_0.0039.vnnlib,unsat,0,4,0,2,0,,"alpha_beta_crown,neuralsat,nnv,pyrat"
cifar100_2024,CIFAR100_resnet_medium.onnx,CIFAR100_resnet_medium_prop_idx_5242_sidx_1208_eps_0.0039.vnnlib,unsat,0,4,0,2,0,,"alpha_beta_crown,neuralsat,nnv,pyrat"
cifar100_2024,CIFAR100_resnet_medium.onnx,CIFAR100_resnet_medium_prop_idx_54_sidx_9735_eps_0.0039.vnnlib,unsat,0,4,0,2,0,,"alpha_beta_crown,neuralsat,nnv,pyrat"
cifar100_2024,CIFAR100_resnet_medium.onnx,CIFAR100_resnet_medium_prop_idx_5634_sidx_9441_eps_0.0039.vnnlib,sat,4,0,0,2,0,,"alpha_beta_crown,cora,neuralsat,pyrat"
cifar100_2024,CIFAR100_resnet_medium.onnx,CIFAR100_resnet_medium_prop_idx_5791_sidx_5659_eps_0.0039.vnnlib,unsat,0,3,1,2,0,,"alpha_beta_crown,neuralsat,nnv"
cifar100_2024,CIFAR100_resnet_medium.onnx,CIFAR100_resnet_medium_prop_idx_5797_sidx_6343_eps_0.0039.vnnlib,unsat,0,1,3,2,0,,nnv
cifar100_2024,CIFAR100_resnet_medium.onnx,CIFAR100_resnet_medium_prop_idx_5831_sidx_5506_eps_0.0039.vnnlib,unsat,0,4,0,2,0,,"alpha_beta_crown,neuralsat,nnv,pyrat"
cifar100_2024,CIFAR100_resnet_medium.onnx,CIFAR100_resnet_medium_prop_idx_5894_sidx_5577_eps_0.0039.vnnlib,sat,4,0,0,2,0,,"alpha_beta_crown,cora,neuralsat,pyrat"
cifar100_2024,CIFAR100_resnet_medium.onnx,CIFAR100_resnet_medium_prop_idx_5973_sidx_7841_eps_0.0039.vnnlib,sat,3,1,0,2,0,nnv,"alpha_beta_crown,neuralsat,pyrat,nnv"
cifar100_2024,CIFAR100_resnet_medium.onnx,CIFAR100_resnet_medium_prop_idx_6010_sidx_5369_eps_0.0039.vnnlib,unsat,0,1,3,2,0,,nnv
cifar100_2024,CIFAR100_resnet_medium.onnx,CIFAR100_resnet_medium_prop_idx_6049_sidx_4719_eps_0.0039.vnnlib,sat,3,1,0,2,0,nnv,"alpha_beta_crown,neuralsat,pyrat,nnv"
cifar100_2024,CIFAR100_resnet_medium.onnx,CIFAR100_resnet_medium_prop_idx_6135_sidx_4586_eps_0.0039.vnnlib,unsat,0,1,3,2,0,,nnv
cifar100_2024,CIFAR100_resnet_medium.onnx,CIFAR100_resnet_medium_prop_idx_6232_sidx_3020_eps_0.0039.vnnlib,sat,3,1,0,2,0,nnv,"alpha_beta_crown,neuralsat,pyrat,nnv"
cifar100_2024,CIFAR100_resnet_medium.onnx,CIFAR100_resnet_medium_prop_idx_6263_sidx_7644_eps_0.0039.vnnlib,unsat,0,1,3,2,0,,nnv
cifar100_2024,CIFAR100_resnet_medium.onnx,CIFAR100_resnet_medium_prop_idx_6292_sidx_5430_eps_0.0039.vnnlib,unsat,0,1,3,2,0,,nnv
cifar100_2024,CIFAR100_resnet_medium.onnx,CIFAR100_resnet_medium_prop_idx_6369_sidx_8824_eps_0.0039.vnnlib,unsat,0,3,1,2,0,,"alpha_beta_crown,neuralsat,nnv"
cifar100_2024,CIFAR100_resnet_medium.onnx,CIFAR100_resnet_medium_prop_idx_6415_sidx_4543_eps_0.0039.vnnlib,unsat,0,1,3,2,0,,nnv
cifar100_2024,CIFAR100_resnet_medium.onnx,CIFAR100_resnet_medium_prop_idx_6491_sidx_3620_eps_0.0039.vnnlib,unsat,0,1,3,2,0,,nnv
cifar100_2024,CIFAR100_resnet_medium.onnx,CIFAR100_resnet_medium_prop_idx_6553_sidx_7265_eps_0.0039.vnnlib,unsat,0,3,1,2,0,,"alpha_beta_crown,neuralsat,nnv"
cifar100_2024,CIFAR100_resnet_medium.onnx,CIFAR100_resnet_medium_prop_idx_6573_sidx_5525_eps_0.0039.vnnlib,sat,4,0,0,2,0,,"alpha_beta_crown,cora,neuralsat,pyrat"
cifar100_2024,CIFAR100_resnet_medium.onnx,CIFAR100_resnet_medium_prop_idx_6583_sidx_8860_eps_0.0039.vnnlib,unsat,0,3,1,2,0,,"alpha_beta_crown,neuralsat,nnv"
cifar100_2024,CIFAR100_resnet_medium.onnx,CIFAR100_resnet_medium_prop_idx_6585_sidx_533_eps_0.0039.vnnlib,unsat,0,1,3,2,0,,nnv
cifar100_2024,CIFAR100_resnet_medium.onnx,CIFAR100_resnet_medium_prop_idx_6659_sidx_4583_eps_0.0039.vnnlib,unsat,0,4,0,2,0,,"alpha_beta_crown,neuralsat,nnv,pyrat"
cifar100_2024,CIFAR100_resnet_medium.onnx,CIFAR100_resnet_medium_prop_idx_7034_sidx_4129_eps_0.0039.vnnlib,unsat,0,3,1,2,0,,"alpha_beta_crown,neuralsat,nnv"
cifar100_2024,CIFAR100_resnet_medium.onnx,CIFAR100_resnet_medium_prop_idx_7176_sidx_1522_eps_0.0039.vnnlib,unsat,0,4,0,2,0,,"alpha_beta_crown,neuralsat,nnv,pyrat"
cifar100_2024,CIFAR100_resnet_medium.onnx,CIFAR100_resnet_medium_prop_idx_7258_sidx_3539_eps_0.0039.vnnlib,unsat,0,4,0,2,0,,"alpha_beta_crown,neuralsat,nnv,pyrat"
cifar100_2024,CIFAR100_resnet_medium.onnx,CIFAR100_resnet_medium_prop_idx_7431_sidx_7329_eps_0.0039.vnnlib,sat,4,0,0,2,0,,"alpha_beta_crown,cora,neuralsat,pyrat"
cifar100_2024,CIFAR100_resnet_medium.onnx,CIFAR100_resnet_medium_prop_idx_7470_sidx_4555_eps_0.0039.vnnlib,unsat,0,1,3,2,0,,nnv
cifar100_2024,CIFAR100_resnet_medium.onnx,CIFAR100_resnet_medium_prop_idx_7478_sidx_6593_eps_0.0039.vnnlib,unsat,0,1,3,2,0,,nnv
cifar100_2024,CIFAR100_resnet_medium.onnx,CIFAR100_resnet_medium_prop_idx_7500_sidx_40_eps_0.0039.vnnlib,unsat,0,4,0,2,0,,"alpha_beta_crown,neuralsat,nnv,pyrat"
cifar100_2024,CIFAR100_resnet_medium.onnx,CIFAR100_resnet_medium_prop_idx_7569_sidx_2906_eps_0.0039.vnnlib,sat,3,1,0,2,0,nnv,"alpha_beta_crown,neuralsat,pyrat,nnv"
cifar100_2024,CIFAR100_resnet_medium.onnx,CIFAR100_resnet_medium_prop_idx_7641_sidx_1041_eps_0.0039.vnnlib,unsat,0,1,3,2,0,,nnv
cifar100_2024,CIFAR100_resnet_medium.onnx,CIFAR100_resnet_medium_prop_idx_7658_sidx_1537_eps_0.0039.vnnlib,unsat,0,1,3,2,0,,nnv
cifar100_2024,CIFAR100_resnet_medium.onnx,CIFAR100_resnet_medium_prop_idx_7704_sidx_3701_eps_0.0039.vnnlib,unsat,0,4,0,2,0,,"alpha_beta_crown,neuralsat,nnv,pyrat"
cifar100_2024,CIFAR100_resnet_medium.onnx,CIFAR100_resnet_medium_prop_idx_815_sidx_1902_eps_0.0039.vnnlib,unsat,0,4,0,2,0,,"alpha_beta_crown,neuralsat,nnv,pyrat"
cifar100_2024,CIFAR100_resnet_medium.onnx,CIFAR100_resnet_medium_prop_idx_8196_sidx_3864_eps_0.0039.vnnlib,unsat,0,1,3,2,0,,nnv
cifar100_2024,CIFAR100_resnet_medium.onnx,CIFAR100_resnet_medium_prop_idx_8330_sidx_7593_eps_0.0039.vnnlib,unsat,0,3,1,2,0,,"alpha_beta_crown,neuralsat,nnv"
cifar100_2024,CIFAR100_resnet_medium.onnx,CIFAR100_resnet_medium_prop_idx_8450_sidx_9332_eps_0.0039.vnnlib,unsat,0,4,0,2,0,,"alpha_beta_crown,neuralsat,nnv,pyrat"
cifar100_2024,CIFAR100_resnet_medium.onnx,CIFAR100_resnet_medium_prop_idx_8502_sidx_2893_eps_0.0039.vnnlib,unsat,0,2,2,2,0,,"alpha_beta_crown,nnv"
cifar100_2024,CIFAR100_resnet_medium.onnx,CIFAR100_resnet_medium_prop_idx_8505_sidx_1690_eps_0.0039.vnnlib,unsat,0,1,3,2,0,,nnv
cifar100_2024,CIFAR100_resnet_medium.onnx,CIFAR100_resnet_medium_prop_idx_8523_sidx_9936_eps_0.0039.vnnlib,unsat,0,3,1,2,0,,"alpha_beta_crown,neuralsat,nnv"
cifar100_2024,CIFAR100_resnet_medium.onnx,CIFAR100_resnet_medium_prop_idx_854_sidx_6893_eps_0.0039.vnnlib,unsat,0,1,3,2,0,,nnv
cifar100_2024,CIFAR100_resnet_medium.onnx,CIFAR100_resnet_medium_prop_idx_8594_sidx_5815_eps_0.0039.vnnlib,unsat,0,1,3,2,0,,nnv
cifar100_2024,CIFAR100_resnet_medium.onnx,CIFAR100_resnet_medium_prop_idx_8600_sidx_2721_eps_0.0039.vnnlib,unsat,0,4,0,2,0,,"alpha_beta_crown,neuralsat,nnv,pyrat"
cifar100_2024,CIFAR100_resnet_medium.onnx,CIFAR100_resnet_medium_prop_idx_8619_sidx_4461_eps_0.0039.vnnlib,unsat,0,4,0,2,0,,"alpha_beta_crown,neuralsat,nnv,pyrat"
cifar100_2024,CIFAR100_resnet_medium.onnx,CIFAR100_resnet_medium_prop_idx_8642_sidx_9095_eps_0.0039.vnnlib,unsat,0,2,2,2,0,,"alpha_beta_crown,nnv"
cifar100_2024,CIFAR100_resnet_medium.onnx,CIFAR100_resnet_medium_prop_idx_8739_sidx_1540_eps_0.0039.vnnlib,unsat,0,4,0,2,0,,"alpha_beta_crown,neuralsat,nnv,pyrat"
cifar100_2024,CIFAR100_resnet_medium.onnx,CIFAR100_resnet_medium_prop_idx_8762_sidx_3374_eps_0.0039.vnnlib,unsat,0,4,0,2,0,,"alpha_beta_crown,neuralsat,nnv,pyrat"
cifar100_2024,CIFAR100_resnet_medium.onnx,CIFAR100_resnet_medium_prop_idx_885_sidx_7654_eps_0.0039.vnnlib,unsat,0,1,3,2,0,,nnv
cifar100_2024,CIFAR100_resnet_medium.onnx,CIFAR100_resnet_medium_prop_idx_8945_sidx_3584_eps_0.0039.vnnlib,unsat,0,1,3,2,0,,nnv
cifar100_2024,CIFAR100_resnet_medium.onnx,CIFAR100_resnet_medium_prop_idx_913_sidx_2404_eps_0.0039.vnnlib,unsat,0,4,0,2,0,,"alpha_beta_crown,neuralsat,nnv,pyrat"
cifar100_2024,CIFAR100_resnet_medium.onnx,CIFAR100_resnet_medium_prop_idx_9162_sidx_4337_eps_0.0039.vnnlib,unsat,0,3,1,2,0,,"alpha_beta_crown,neuralsat,nnv"
cifar100_2024,CIFAR100_resnet_medium.onnx,CIFAR100_resnet_medium_prop_idx_9313_sidx_6462_eps_0.0039.vnnlib,unsat,0,1,3,2,0,,nnv
cifar100_2024,CIFAR100_resnet_medium.onnx,CIFAR100_resnet_medium_prop_idx_9502_sidx_7197_eps_0.0039.vnnlib,unsat,0,4,0,2,0,,"alpha_beta_crown,neuralsat,nnv,pyrat"
cifar100_2024,CIFAR100_resnet_medium.onnx,CIFAR100_resnet_medium_prop_idx_9518_sidx_9183_eps_0.0039.vnnlib,unsat,0,1,3,2,0,,nnv
cifar100_2024,CIFAR100_resnet_medium.onnx,CIFAR100_resnet_medium_prop_idx_9658_sidx_1660_eps_0.0039.vnnlib,unsat,0,1,3,2,0,,nnv
cifar100_2024,CIFAR100_resnet_medium.onnx,CIFAR100_resnet_medium_prop_idx_9665_sidx_9074_eps_0.0039.vnnlib,unsat,0,3,1,2,0,,"alpha_beta_crown,neuralsat,nnv"
cifar100_2024,CIFAR100_resnet_medium.onnx,CIFAR100_resnet_medium_prop_idx_966_sidx_2330_eps_0.0039.vnnlib,unsat,0,3,1,2,0,,"alpha_beta_crown,neuralsat,nnv"
cifar100_2024,CIFAR100_resnet_medium.onnx,CIFAR100_resnet_medium_prop_idx_9694_sidx_2810_eps_0.0039.vnnlib,unsat,0,4,0,2,0,,"alpha_beta_crown,neuralsat,nnv,pyrat"
cifar100_2024,CIFAR100_resnet_medium.onnx,CIFAR100_resnet_medium_prop_idx_9726_sidx_4400_eps_0.0039.vnnlib,unsat,0,1,3,2,0,,nnv
cifar100_2024,CIFAR100_resnet_medium.onnx,CIFAR100_resnet_medium_prop_idx_9845_sidx_200_eps_0.0039.vnnlib,sat,4,0,0,2,0,,"alpha_beta_crown,cora,neuralsat,pyrat"
cifar100_2024,CIFAR100_resnet_medium.onnx,CIFAR100_resnet_medium_prop_idx_9897_sidx_9124_eps_0.0039.vnnlib,unsat,0,1,3,2,0,,nnv
cifar100_2024,test_nano.onnx,test_nano.vnnlib,unsat,0,4,0,1,1,,"alpha_beta_crown,cora,neuralsat,pyrat"
tinyimagenet_2024,TinyImageNet_resnet_medium.onnx,TinyImageNet_resnet_medium_prop_idx_1024_sidx_5112_eps_0.0039.vnnlib,sat,3,0,1,2,0,,"alpha_beta_crown,neuralsat,pyrat"
tinyimagenet_2024,TinyImageNet_resnet_medium.onnx,TinyImageNet_resnet_medium_prop_idx_1093_sidx_4490_eps_0.0039.vnnlib,unknown,0,0,4,2,0,,
tinyimagenet_2024,TinyImageNet_resnet_medium.onnx,TinyImageNet_resnet_medium_prop_idx_1126_sidx_4974_eps_0.0039.vnnlib,unsat,0,3,1,2,0,,"alpha_beta_crown,neuralsat,pyrat"
tinyimagenet_2024,TinyImageNet_resnet_medium.onnx,TinyImageNet_resnet_medium_prop_idx_1135_sidx_1928_eps_0.0039.vnnlib,sat,3,0,1,2,0,,"alpha_beta_crown,neuralsat,pyrat"
tinyimagenet_2024,TinyImageNet_resnet_medium.onnx,TinyImageNet_resnet_medium_prop_idx_1142_sidx_9106_eps_0.0039.vnnlib,unsat,0,3,1,2,0,,"alpha_beta_crown,neuralsat,pyrat"
tinyimagenet_2024,TinyImageNet_resnet_medium.onnx,TinyImageNet_resnet_medium_prop_idx_1175_sidx_7775_eps_0.0039.vnnlib,unsat,0,1,3,2,0,,alpha_beta_crown
tinyimagenet_2024,TinyImageNet_resnet_medium.onnx,TinyImageNet_resnet_medium_prop_idx_1359_sidx_7221_eps_0.0039.vnnlib,unsat,0,3,1,2,0,,"alpha_beta_crown,neuralsat,pyrat"
tinyimagenet_2024,TinyImageNet_resnet_medium.onnx,TinyImageNet_resnet_medium_prop_idx_140_sidx_7259_eps_0.0039.vnnlib,sat,3,0,1,2,0,,"alpha_beta_crown,neuralsat,pyrat"
tinyimagenet_2024,TinyImageNet_resnet_medium.onnx,TinyImageNet_resnet_medium_prop_idx_1435_sidx_655_eps_0.0039.vnnlib,unsat,0,3,1,2,0,,"alpha_beta_crown,neuralsat,pyrat"
tinyimagenet_2024,TinyImageNet_resnet_medium.onnx,TinyImageNet_resnet_medium_prop_idx_1459_sidx_443_eps_0.0039.vnnlib,unsat,0,3,1,2,0,,"alpha_beta_crown,neuralsat,pyrat"
tinyimagenet_2024,TinyImageNet_resnet_medium.onnx,TinyImageNet_resnet_medium_prop_idx_1496_sidx_9465_eps_0.0039.vnnlib,unsat,0,3,1,2,0,,"alpha_beta_crown,neuralsat,pyrat"
tinyimagenet_2024,TinyImageNet_resnet_medium.onnx,TinyImageNet_resnet_medium_prop_idx_1615_sidx_1065_eps_0.0039.vnnlib,sat,3,0,1,2,0,,"alpha_beta_crown,neuralsat,pyrat"
tinyimagenet_2024,TinyImageNet_resnet_medium.onnx,TinyImageNet_resnet_medium_prop_idx_164_sidx_1090_eps_0.0039.vnnlib,unsat,0,2,2,2,0,,"alpha_beta_crown,neuralsat"
tinyimagenet_2024,TinyImageNet_resnet_medium.onnx,TinyImageNet_resnet_medium_prop_idx_1651_sidx_3548_eps_0.0039.vnnlib,unknown,0,0,4,2,0,,
tinyimagenet_2024,TinyImageNet_resnet_medium.onnx,TinyImageNet_resnet_medium_prop_idx_1706_sidx_4932_eps_0.0039.vnnlib,unsat,0,2,2,2,0,,"alpha_beta_crown,neuralsat"
tinyimagenet_2024,TinyImageNet_resnet_medium.onnx,TinyImageNet_resnet_medium_prop_idx_1718_sidx_4924_eps_0.0039.vnnlib,unknown,0,0,4,2,0,,
tinyimagenet_2024,TinyImageNet_resnet_medium.onnx,TinyImageNet_resnet_medium_prop_idx_1759_sidx_3135_eps_0.0039.vnnlib,unsat,0,3,1,2,0,,"alpha_beta_crown,neuralsat,pyrat"
tinyimagenet_2024,TinyImageNet_resnet_medium.onnx,TinyImageNet_resnet_medium_prop_idx_1806_sidx_3542_eps_0.0039.vnnlib,unsat,0,2,2,2,0,,"alpha_beta_crown,neuralsat"
tinyimagenet_2024,TinyImageNet_resnet_medium.onnx,TinyImageNet_resnet_medium_prop_idx_1821_sidx_9700_eps_0.0039.vnnlib,unsat,0,2,2,2,0,,"alpha_beta_crown,neuralsat"
tinyimagenet_2024,TinyImageNet_resnet_medium.onnx,TinyImageNet_resnet_medium_prop_idx_2045_sidx_7367_eps_0.0039.vnnlib,unsat,0,3,1,2,0,,"alpha_beta_crown,neuralsat,pyrat"
tinyimagenet_2024,TinyImageNet_resnet_medium.onnx,TinyImageNet_resnet_medium_prop_idx_2063_sidx_8156_eps_0.0039.vnnlib,unsat,0,3,1,2,0,,"alpha_beta_crown,neuralsat,pyrat"
tinyimagenet_2024,TinyImageNet_resnet_medium.onnx,TinyImageNet_resnet_medium_prop_idx_2146_sidx_298_eps_0.0039.vnnlib,unsat,0,2,2,2,0,,"alpha_beta_crown,neuralsat"
tinyimagenet_2024,TinyImageNet_resnet_medium.onnx,TinyImageNet_resnet_medium_prop_idx_216_sidx_6006_eps_0.0039.vnnlib,unknown,0,0,4,2,0,,
tinyimagenet_2024,TinyImageNet_resnet_medium.onnx,TinyImageNet_resnet_medium_prop_idx_2210_sidx_992_eps_0.0039.vnnlib,unsat,0,3,1,2,0,,"alpha_beta_crown,neuralsat,pyrat"
tinyimagenet_2024,TinyImageNet_resnet_medium.onnx,TinyImageNet_resnet_medium_prop_idx_2310_sidx_1923_eps_0.0039.vnnlib,sat,3,0,1,2,0,,"alpha_beta_crown,neuralsat,pyrat"
tinyimagenet_2024,TinyImageNet_resnet_medium.onnx,TinyImageNet_resnet_medium_prop_idx_233_sidx_127_eps_0.0039.vnnlib,unsat,0,2,2,2,0,,"alpha_beta_crown,neuralsat"
tinyimagenet_2024,TinyImageNet_resnet_medium.onnx,TinyImageNet_resnet_medium_prop_idx_2341_sidx_4149_eps_0.0039.vnnlib,unknown,0,0,4,2,0,,
tinyimagenet_2024,TinyImageNet_resnet_medium.onnx,TinyImageNet_resnet_medium_prop_idx_2475_sidx_523_eps_0.0039.vnnlib,unknown,0,0,4,2,0,,
tinyimagenet_2024,TinyImageNet_resnet_medium.onnx,TinyImageNet_resnet_medium_prop_idx_247_sidx_1124_eps_0.0039.vnnlib,unsat,0,2,2,2,0,,"alpha_beta_crown,neuralsat"
tinyimagenet_2024,TinyImageNet_resnet_medium.onnx,TinyImageNet_resnet_medium_prop_idx_2493_sidx_4209_eps_0.0039.vnnlib,sat,3,0,1,2,0,,"alpha_beta_crown,neuralsat,pyrat"
tinyimagenet_2024,TinyImageNet_resnet_medium.onnx,TinyImageNet_resnet_medium_prop_idx_2511_sidx_5059_eps_0.0039.vnnlib,sat,3,0,1,2,0,,"alpha_beta_crown,neuralsat,pyrat"
tinyimagenet_2024,TinyImageNet_resnet_medium.onnx,TinyImageNet_resnet_medium_prop_idx_253_sidx_4834_eps_0.0039.vnnlib,unknown,0,0,4,2,0,,
tinyimagenet_2024,TinyImageNet_resnet_medium.onnx,TinyImageNet_resnet_medium_prop_idx_2575_sidx_1066_eps_0.0039.vnnlib,unsat,0,2,1,2,1,,"alpha_beta_crown,neuralsat"
tinyimagenet_2024,TinyImageNet_resnet_medium.onnx,TinyImageNet_resnet_medium_prop_idx_2582_sidx_5386_eps_0.0039.vnnlib,unsat,0,1,3,2,0,,alpha_beta_crown
tinyimagenet_2024,TinyImageNet_resnet_medium.onnx,TinyImageNet_resnet_medium_prop_idx_2594_sidx_7029_eps_0.0039.vnnlib,unsat,0,1,3,2,0,,alpha_beta_crown
tinyimagenet_2024,TinyImageNet_resnet_medium.onnx,TinyImageNet_resnet_medium_prop_idx_259_sidx_1412_eps_0.0039.vnnlib,unsat,0,3,1,2,0,,"alpha_beta_crown,neuralsat,pyrat"
tinyimagenet_2024,TinyImageNet_resnet_medium.onnx,TinyImageNet_resnet_medium_prop_idx_2647_sidx_2518_eps_0.0039.vnnlib,unsat,0,3,1,2,0,,"alpha_beta_crown,neuralsat,pyrat"
tinyimagenet_2024,TinyImageNet_resnet_medium.onnx,TinyImageNet_resnet_medium_prop_idx_2755_sidx_193_eps_0.0039.vnnlib,unsat,0,1,3,2,0,,alpha_beta_crown
tinyimagenet_2024,TinyImageNet_resnet_medium.onnx,TinyImageNet_resnet_medium_prop_idx_2798_sidx_4910_eps_0.0039.vnnlib,unsat,0,2,2,2,0,,"alpha_beta_crown,neuralsat"
tinyimagenet_2024,TinyImageNet_resnet_medium.onnx,TinyImageNet_resnet_medium_prop_idx_288_sidx_5531_eps_0.0039.vnnlib,unsat,0,3,1,2,0,,"alpha_beta_crown,neuralsat,pyrat"
tinyimagenet_2024,TinyImageNet_resnet_medium.onnx,TinyImageNet_resnet_medium_prop_idx_291_sidx_2370_eps_0.0039.vnnlib,unsat,0,3,1,2,0,,"alpha_beta_crown,neuralsat,pyrat"
tinyimagenet_2024,TinyImageNet_resnet_medium.onnx,TinyImageNet_resnet_medium_prop_idx_2936_sidx_7810_eps_0.0039.vnnlib,unsat,0,1,3,2,0,,alpha_beta_crown
tinyimagenet_2024,TinyImageNet_resnet_medium.onnx,TinyImageNet_resnet_medium_prop_idx_3015_sidx_2719_eps_0.0039.vnnlib,unsat,0,3,1,2,0,,"alpha_beta_crown,neuralsat,pyrat"
tinyimagenet_2024,TinyImageNet_resnet_medium.onnx,TinyImageNet_resnet_medium_prop_idx_3054_sidx_7502_eps_0.0039.vnnlib,sat,4,0,1,1,0,,"alpha_beta_crown,neuralsat,pyrat,rover"
tinyimagenet_2024,TinyImageNet_resnet_medium.onnx,TinyImageNet_resnet_medium_prop_idx_3098_sidx_9528_eps_0.0039.vnnlib,unsat,0,2,2,2,0,,"alpha_beta_crown,neuralsat"
tinyimagenet_2024,TinyImageNet_resnet_medium.onnx,TinyImageNet_resnet_medium_prop_idx_3110_sidx_1017_eps_0.0039.vnnlib,unsat,0,2,2,2,0,,"alpha_beta_crown,neuralsat"
tinyimagenet_2024,TinyImageNet_resnet_medium.onnx,TinyImageNet_resnet_medium_prop_idx_3115_sidx_671_eps_0.0039.vnnlib,unsat,0,3,1,2,0,,"alpha_beta_crown,neuralsat,pyrat"
tinyimagenet_2024,TinyImageNet_resnet_medium.onnx,TinyImageNet_resnet_medium_prop_idx_3139_sidx_2973_eps_0.0039.vnnlib,unsat,0,2,2,2,0,,"alpha_beta_crown,neuralsat"
tinyimagenet_2024,TinyImageNet_resnet_medium.onnx,TinyImageNet_resnet_medium_prop_idx_3328_sidx_278_eps_0.0039.vnnlib,unsat,0,3,1,2,0,,"alpha_beta_crown,neuralsat,pyrat"
tinyimagenet_2024,TinyImageNet_resnet_medium.onnx,TinyImageNet_resnet_medium_prop_idx_3375_sidx_5824_eps_0.0039.vnnlib,unknown,0,0,4,2,0,,
tinyimagenet_2024,TinyImageNet_resnet_medium.onnx,TinyImageNet_resnet_medium_prop_idx_3416_sidx_7951_eps_0.0039.vnnlib,unknown,0,0,4,2,0,,
tinyimagenet_2024,TinyImageNet_resnet_medium.onnx,TinyImageNet_resnet_medium_prop_idx_3429_sidx_4578_eps_0.0039.vnnlib,unknown,0,0,4,2,0,,
tinyimagenet_2024,TinyImageNet_resnet_medium.onnx,TinyImageNet_resnet_medium_prop_idx_3437_sidx_2708_eps_0.0039.vnnlib,sat,2,0,2,2,0,,"alpha_beta_crown,neuralsat"
tinyimagenet_2024,TinyImageNet_resnet_medium.onnx,TinyImageNet_resnet_medium_prop_idx_3452_sidx_862_eps_0.0039.vnnlib,sat,3,0,1,2,0,,"alpha_beta_crown,neuralsat,pyrat"
tinyimagenet_2024,TinyImageNet_resnet_medium.onnx,TinyImageNet_resnet_medium_prop_idx_3533_sidx_4891_eps_0.0039.vnnlib,unsat,0,1,3,2,0,,alpha_beta_crown
tinyimagenet_2024,TinyImageNet_resnet_medium.onnx,TinyImageNet_resnet_medium_prop_idx_3543_sidx_5527_eps_0.0039.vnnlib,sat,3,0,1,2,0,,"alpha_beta_crown,neuralsat,pyrat"
tinyimagenet_2024,TinyImageNet_resnet_medium.onnx,TinyImageNet_resnet_medium_prop_idx_3553_sidx_3392_eps_0.0039.vnnlib,sat,2,0,2,2,0,,"alpha_beta_crown,neuralsat"
tinyimagenet_2024,TinyImageNet_resnet_medium.onnx,TinyImageNet_resnet_medium_prop_idx_3558_sidx_7280_eps_0.0039.vnnlib,unsat,0,2,2,2,0,,"alpha_beta_crown,neuralsat"
tinyimagenet_2024,TinyImageNet_resnet_medium.onnx,TinyImageNet_resnet_medium_prop_idx_3574_sidx_9710_eps_0.0039.vnnlib,unsat,0,1,3,2,0,,alpha_beta_crown
tinyimagenet_2024,TinyImageNet_resnet_medium.onnx,TinyImageNet_resnet_medium_prop_idx_3677_sidx_3123_eps_0.0039.vnnlib,unsat,0,2,2,2,0,,"alpha_beta_crown,neuralsat"
tinyimagenet_2024,TinyImageNet_resnet_medium.onnx,TinyImageNet_resnet_medium_prop_idx_3782_sidx_1103_eps_0.0039.vnnlib,unsat,0,2,2,2,0,,"alpha_beta_crown,neuralsat"
tinyimagenet_2024,TinyImageNet_resnet_medium.onnx,TinyImageNet_resnet_medium_prop_idx_3891_sidx_62_eps_0.0039.vnnlib,unsat,0,3,1,2,0,,"alpha_beta_crown,neuralsat,pyrat"
tinyimagenet_2024,TinyImageNet_resnet_medium.onnx,TinyImageNet_resnet_medium_prop_idx_4004_sidx_9594_eps_0.0039.vnnlib,unsat,0,3,1,2,0,,"alpha_beta_crown,neuralsat,pyrat"
tinyimagenet_2024,TinyImageNet_resnet_medium.onnx,TinyImageNet_resnet_medium_prop_idx_4024_sidx_4810_eps_0.0039.vnnlib,unsat,0,1,3,2,0,,alpha_beta_crown
tinyimagenet_2024,TinyImageNet_resnet_medium.onnx,TinyImageNet_resnet_medium_prop_idx_4057_sidx_8514_eps_0.0039.vnnlib,unknown,0,0,4,2,0,,
tinyimagenet_2024,TinyImageNet_resnet_medium.onnx,TinyImageNet_resnet_medium_prop_idx_4171_sidx_705_eps_0.0039.vnnlib,sat,3,0,1,2,0,,"alpha_beta_crown,neuralsat,pyrat"
tinyimagenet_2024,TinyImageNet_resnet_medium.onnx,TinyImageNet_resnet_medium_prop_idx_4225_sidx_3038_eps_0.0039.vnnlib,sat,4,0,1,1,0,,"alpha_beta_crown,cora,neuralsat,pyrat"
tinyimagenet_2024,TinyImageNet_resnet_medium.onnx,TinyImageNet_resnet_medium_prop_idx_4244_sidx_8624_eps_0.0039.vnnlib,unsat,0,3,1,2,0,,"alpha_beta_crown,neuralsat,pyrat"
tinyimagenet_2024,TinyImageNet_resnet_medium.onnx,TinyImageNet_resnet_medium_prop_idx_4260_sidx_5004_eps_0.0039.vnnlib,unsat,0,1,3,2,0,,alpha_beta_crown
tinyimagenet_2024,TinyImageNet_resnet_medium.onnx,TinyImageNet_resnet_medium_prop_idx_4327_sidx_7050_eps_0.0039.vnnlib,unsat,0,3,1,2,0,,"alpha_beta_crown,neuralsat,pyrat"
tinyimagenet_2024,TinyImageNet_resnet_medium.onnx,TinyImageNet_resnet_medium_prop_idx_4330_sidx_3504_eps_0.0039.vnnlib,unsat,0,3,1,2,0,,"alpha_beta_crown,neuralsat,pyrat"
tinyimagenet_2024,TinyImageNet_resnet_medium.onnx,TinyImageNet_resnet_medium_prop_idx_4438_sidx_6486_eps_0.0039.vnnlib,unsat,0,3,1,2,0,,"alpha_beta_crown,neuralsat,pyrat"
tinyimagenet_2024,TinyImageNet_resnet_medium.onnx,TinyImageNet_resnet_medium_prop_idx_4463_sidx_4146_eps_0.0039.vnnlib,sat,4,0,1,1,0,,"alpha_beta_crown,cora,neuralsat,pyrat"
tinyimagenet_2024,TinyImageNet_resnet_medium.onnx,TinyImageNet_resnet_medium_prop_idx_4472_sidx_9477_eps_0.0039.vnnlib,unsat,0,2,2,2,0,,"alpha_beta_crown,neuralsat"
tinyimagenet_2024,TinyImageNet_resnet_medium.onnx,TinyImageNet_resnet_medium_prop_idx_4500_sidx_6717_eps_0.0039.vnnlib,unsat,0,3,1,2,0,,"alpha_beta_crown,neuralsat,pyrat"
tinyimagenet_2024,TinyImageNet_resnet_medium.onnx,TinyImageNet_resnet_medium_prop_idx_4513_sidx_5588_eps_0.0039.vnnlib,unsat,0,3,1,2,0,,"alpha_beta_crown,neuralsat,pyrat"
tinyimagenet_2024,TinyImageNet_resnet_medium.onnx,TinyImageNet_resnet_medium_prop_idx_4526_sidx_9254_eps_0.0039.vnnlib,unsat,0,1,3,2,0,,alpha_beta_crown
tinyimagenet_2024,TinyImageNet_resnet_medium.onnx,TinyImageNet_resnet_medium_prop_idx_4528_sidx_911_eps_0.0039.vnnlib,unsat,0,3,1,2,0,,"alpha_beta_crown,neuralsat,pyrat"
tinyimagenet_2024,TinyImageNet_resnet_medium.onnx,TinyImageNet_resnet_medium_prop_idx_4599_sidx_738_eps_0.0039.vnnlib,unknown,0,0,4,2,0,,
tinyimagenet_2024,TinyImageNet_resnet_medium.onnx,TinyImageNet_resnet_medium_prop_idx_4674_sidx_6718_eps_0.0039.vnnlib,unsat,0,3,1,2,0,,"alpha_beta_crown,neuralsat,pyrat"
tinyimagenet_2024,TinyImageNet_resnet_medium.onnx,TinyImageNet_resnet_medium_prop_idx_4686_sidx_8792_eps_0.0039.vnnlib,unsat,0,2,2,2,0,,"alpha_beta_crown,neuralsat"
tinyimagenet_2024,TinyImageNet_resnet_medium.onnx,TinyImageNet_resnet_medium_prop_idx_4709_sidx_8110_eps_0.0039.vnnlib,unsat,0,3,1,2,0,,"alpha_beta_crown,neuralsat,pyrat"
tinyimagenet_2024,TinyImageNet_resnet_medium.onnx,TinyImageNet_resnet_medium_prop_idx_4776_sidx_19_eps_0.0039.vnnlib,unsat,0,3,1,2,0,,"alpha_beta_crown,neuralsat,pyrat"
tinyimagenet_2024,TinyImageNet_resnet_medium.onnx,TinyImageNet_resnet_medium_prop_idx_484_sidx_161_eps_0.0039.vnnlib,unsat,0,2,2,2,0,,"alpha_beta_crown,neuralsat"
tinyimagenet_2024,TinyImageNet_resnet_medium.onnx,TinyImageNet_resnet_medium_prop_idx_4867_sidx_5259_eps_0.0039.vnnlib,unknown,0,0,4,2,0,,
tinyimagenet_2024,TinyImageNet_resnet_medium.onnx,TinyImageNet_resnet_medium_prop_idx_4869_sidx_6523_eps_0.0039.vnnlib,unsat,0,2,2,2,0,,"alpha_beta_crown,neuralsat"
tinyimagenet_2024,TinyImageNet_resnet_medium.onnx,TinyImageNet_resnet_medium_prop_idx_4871_sidx_7562_eps_0.0039.vnnlib,unsat,0,2,2,2,0,,"alpha_beta_crown,neuralsat"
tinyimagenet_2024,TinyImageNet_resnet_medium.onnx,TinyImageNet_resnet_medium_prop_idx_4944_sidx_932_eps_0.0039.vnnlib,sat,3,0,1,2,0,,"alpha_beta_crown,neuralsat,pyrat"
tinyimagenet_2024,TinyImageNet_resnet_medium.onnx,TinyImageNet_resnet_medium_prop_idx_5129_sidx_3656_eps_0.0039.vnnlib,unsat,0,3,1,2,0,,"alpha_beta_crown,neuralsat,pyrat"
tinyimagenet_2024,TinyImageNet_resnet_medium.onnx,TinyImageNet_resnet_medium_prop_idx_5134_sidx_3767_eps_0.0039.vnnlib,sat,3,0,1,2,0,,"alpha_beta_crown,neuralsat,pyrat"
tinyimagenet_2024,TinyImageNet_resnet_medium.onnx,TinyImageNet_resnet_medium_prop_idx_5185_sidx_142_eps_0.0039.vnnlib,unsat,0,2,2,2,0,,"alpha_beta_crown,neuralsat"
tinyimagenet_2024,TinyImageNet_resnet_medium.onnx,TinyImageNet_resnet_medium_prop_idx_5232_sidx_8001_eps_0.0039.vnnlib,unsat,0,2,2,2,0,,"alpha_beta_crown,neuralsat"
tinyimagenet_2024,TinyImageNet_resnet_medium.onnx,TinyImageNet_resnet_medium_prop_idx_5257_sidx_5727_eps_0.0039.vnnlib,unsat,0,2,2,2,0,,"alpha_beta_crown,neuralsat"
tinyimagenet_2024,TinyImageNet_resnet_medium.onnx,TinyImageNet_resnet_medium_prop_idx_526_sidx_7843_eps_0.0039.vnnlib,unsat,0,3,1,2,0,,"alpha_beta_crown,neuralsat,pyrat"
tinyimagenet_2024,TinyImageNet_resnet_medium.onnx,TinyImageNet_resnet_medium_prop_idx_5382_sidx_4518_eps_0.0039.vnnlib,unsat,0,2,2,2,0,,"alpha_beta_crown,neuralsat"
tinyimagenet_2024,TinyImageNet_resnet_medium.onnx,TinyImageNet_resnet_medium_prop_idx_538_sidx_2467_eps_0.0039.vnnlib,unsat,0,3,1,2,0,,"alpha_beta_crown,neuralsat,pyrat"
tinyimagenet_2024,TinyImageNet_resnet_medium.onnx,TinyImageNet_resnet_medium_prop_idx_5427_sidx_8226_eps_0.0039.vnnlib,unknown,0,0,4,2,0,,
tinyimagenet_2024,TinyImageNet_resnet_medium.onnx,TinyImageNet_resnet_medium_prop_idx_5442_sidx_6087_eps_0.0039.vnnlib,unsat,0,2,2,2,0,,"alpha_beta_crown,neuralsat"
tinyimagenet_2024,TinyImageNet_resnet_medium.onnx,TinyImageNet_resnet_medium_prop_idx_5443_sidx_7316_eps_0.0039.vnnlib,unknown,0,0,4,2,0,,
tinyimagenet_2024,TinyImageNet_resnet_medium.onnx,TinyImageNet_resnet_medium_prop_idx_5451_sidx_5891_eps_0.0039.vnnlib,unsat,0,2,2,2,0,,"alpha_beta_crown,neuralsat"
tinyimagenet_2024,TinyImageNet_resnet_medium.onnx,TinyImageNet_resnet_medium_prop_idx_5478_sidx_174_eps_0.0039.vnnlib,unsat,0,3,1,2,0,,"alpha_beta_crown,neuralsat,pyrat"
tinyimagenet_2024,TinyImageNet_resnet_medium.onnx,TinyImageNet_resnet_medium_prop_idx_551_sidx_6748_eps_0.0039.vnnlib,unsat,0,2,2,2,0,,"alpha_beta_crown,neuralsat"
tinyimagenet_2024,TinyImageNet_resnet_medium.onnx,TinyImageNet_resnet_medium_prop_idx_5634_sidx_9441_eps_0.0039.vnnlib,unsat,0,3,1,2,0,,"alpha_beta_crown,neuralsat,pyrat"
tinyimagenet_2024,TinyImageNet_resnet_medium.onnx,TinyImageNet_resnet_medium_prop_idx_5673_sidx_6615_eps_0.0039.vnnlib,unsat,0,3,1,2,0,,"alpha_beta_crown,neuralsat,pyrat"
tinyimagenet_2024,TinyImageNet_resnet_medium.onnx,TinyImageNet_resnet_medium_prop_idx_5676_sidx_9851_eps_0.0039.vnnlib,unsat,0,3,1,2,0,,"alpha_beta_crown,neuralsat,pyrat"
tinyimagenet_2024,TinyImageNet_resnet_medium.onnx,TinyImageNet_resnet_medium_prop_idx_5683_sidx_1212_eps_0.0039.vnnlib,unsat,0,2,2,2,0,,"alpha_beta_crown,neuralsat"
tinyimagenet_2024,TinyImageNet_resnet_medium.onnx,TinyImageNet_resnet_medium_prop_idx_5685_sidx_8755_eps_0.0039.vnnlib,unsat,0,3,1,2,0,,"alpha_beta_crown,neuralsat,pyrat"
tinyimagenet_2024,TinyImageNet_resnet_medium.onnx,TinyImageNet_resnet_medium_prop_idx_5701_sidx_7560_eps_0.0039.vnnlib,unsat,0,2,2,2,0,,"alpha_beta_crown,neuralsat"
tinyimagenet_2024,TinyImageNet_resnet_medium.onnx,TinyImageNet_resnet_medium_prop_idx_5743_sidx_6569_eps_0.0039.vnnlib,unsat,0,3,1,2,0,,"alpha_beta_crown,neuralsat,pyrat"
tinyimagenet_2024,TinyImageNet_resnet_medium.onnx,TinyImageNet_resnet_medium_prop_idx_580_sidx_8894_eps_0.0039.vnnlib,unsat,0,3,1,2,0,,"alpha_beta_crown,neuralsat,pyrat"
tinyimagenet_2024,TinyImageNet_resnet_medium.onnx,TinyImageNet_resnet_medium_prop_idx_5922_sidx_1989_eps_0.0039.vnnlib,sat,3,0,1,2,0,,"alpha_beta_crown,neuralsat,pyrat"
tinyimagenet_2024,TinyImageNet_resnet_medium.onnx,TinyImageNet_resnet_medium_prop_idx_600_sidx_4087_eps_0.0039.vnnlib,sat,3,0,1,2,0,,"alpha_beta_crown,neuralsat,pyrat"
tinyimagenet_2024,TinyImageNet_resnet_medium.onnx,TinyImageNet_resnet_medium_prop_idx_6036_sidx_4672_eps_0.0039.vnnlib,sat,4,0,1,1,0,,"alpha_beta_crown,cora,neuralsat,pyrat"
tinyimagenet_2024,TinyImageNet_resnet_medium.onnx,TinyImageNet_resnet_medium_prop_idx_6049_sidx_4719_eps_0.0039.vnnlib,sat,3,0,1,2,0,,"alpha_beta_crown,neuralsat,pyrat"
tinyimagenet_2024,TinyImageNet_resnet_medium.onnx,TinyImageNet_resnet_medium_prop_idx_6228_sidx_7979_eps_0.0039.vnnlib,sat,3,0,1,2,0,,"alpha_beta_crown,neuralsat,pyrat"
tinyimagenet_2024,TinyImageNet_resnet_medium.onnx,TinyImageNet_resnet_medium_prop_idx_6252_sidx_9972_eps_0.0039.vnnlib,sat,3,0,1,2,0,,"alpha_beta_crown,neuralsat,pyrat"
tinyimagenet_2024,TinyImageNet_resnet_medium.onnx,TinyImageNet_resnet_medium_prop_idx_62_sidx_313_eps_0.0039.vnnlib,unknown,0,0,4,2,0,,
tinyimagenet_2024,TinyImageNet_resnet_medium.onnx,TinyImageNet_resnet_medium_prop_idx_6311_sidx_8892_eps_0.0039.vnnlib,sat,3,0,1,2,0,,"alpha_beta_crown,neuralsat,pyrat"
tinyimagenet_2024,TinyImageNet_resnet_medium.onnx,TinyImageNet_resnet_medium_prop_idx_6362_sidx_7345_eps_0.0039.vnnlib,unsat,0,3,1,2,0,,"alpha_beta_crown,neuralsat,pyrat"
tinyimagenet_2024,TinyImageNet_resnet_medium.onnx,TinyImageNet_resnet_medium_prop_idx_6412_sidx_6140_eps_0.0039.vnnlib,unsat,0,2,2,2,0,,"alpha_beta_crown,neuralsat"
tinyimagenet_2024,TinyImageNet_resnet_medium.onnx,TinyImageNet_resnet_medium_prop_idx_6458_sidx_4978_eps_0.0039.vnnlib,unsat,0,2,2,2,0,,"alpha_beta_crown,neuralsat"
tinyimagenet_2024,TinyImageNet_resnet_medium.onnx,TinyImageNet_resnet_medium_prop_idx_647_sidx_9608_eps_0.0039.vnnlib,unsat,0,3,1,2,0,,"alpha_beta_crown,neuralsat,pyrat"
tinyimagenet_2024,TinyImageNet_resnet_medium.onnx,TinyImageNet_resnet_medium_prop_idx_6546_sidx_3168_eps_0.0039.vnnlib,unsat,0,1,3,2,0,,alpha_beta_crown
tinyimagenet_2024,TinyImageNet_resnet_medium.onnx,TinyImageNet_resnet_medium_prop_idx_6564_sidx_5832_eps_0.0039.vnnlib,unknown,0,0,4,2,0,,
tinyimagenet_2024,TinyImageNet_resnet_medium.onnx,TinyImageNet_resnet_medium_prop_idx_6618_sidx_5022_eps_0.0039.vnnlib,unsat,0,3,1,2,0,,"alpha_beta_crown,neuralsat,pyrat"
tinyimagenet_2024,TinyImageNet_resnet_medium.onnx,TinyImageNet_resnet_medium_prop_idx_6628_sidx_8822_eps_0.0039.vnnlib,unknown,0,0,4,2,0,,
tinyimagenet_2024,TinyImageNet_resnet_medium.onnx,TinyImageNet_resnet_medium_prop_idx_6679_sidx_8279_eps_0.0039.vnnlib,unsat,0,3,1,2,0,,"alpha_beta_crown,neuralsat,pyrat"
tinyimagenet_2024,TinyImageNet_resnet_medium.onnx,TinyImageNet_resnet_medium_prop_idx_6700_sidx_2455_eps_0.0039.vnnlib,unsat,0,3,1,2,0,,"alpha_beta_crown,neuralsat,pyrat"
tinyimagenet_2024,TinyImageNet_resnet_medium.onnx,TinyImageNet_resnet_medium_prop_idx_670_sidx_7171_eps_0.0039.vnnlib,unsat,0,2,2,2,0,,"alpha_beta_crown,neuralsat"
tinyimagenet_2024,TinyImageNet_resnet_medium.onnx,TinyImageNet_resnet_medium_prop_idx_6773_sidx_7001_eps_0.0039.vnnlib,sat,4,0,1,1,0,,"alpha_beta_crown,neuralsat,pyrat,rover"
tinyimagenet_2024,TinyImageNet_resnet_medium.onnx,TinyImageNet_resnet_medium_prop_idx_6827_sidx_2613_eps_0.0039.vnnlib,sat,3,0,1,2,0,,"alpha_beta_crown,neuralsat,pyrat"
tinyimagenet_2024,TinyImageNet_resnet_medium.onnx,TinyImageNet_resnet_medium_prop_idx_683_sidx_2348_eps_0.0039.vnnlib,sat,3,0,1,2,0,,"alpha_beta_crown,neuralsat,pyrat"
tinyimagenet_2024,TinyImageNet_resnet_medium.onnx,TinyImageNet_resnet_medium_prop_idx_6863_sidx_8059_eps_0.0039.vnnlib,unsat,0,1,3,2,0,,alpha_beta_crown
tinyimagenet_2024,TinyImageNet_resnet_medium.onnx,TinyImageNet_resnet_medium_prop_idx_6957_sidx_1178_eps_0.0039.vnnlib,unsat,0,1,3,2,0,,alpha_beta_crown
tinyimagenet_2024,TinyImageNet_resnet_medium.onnx,TinyImageNet_resnet_medium_prop_idx_6996_sidx_1363_eps_0.0039.vnnlib,unsat,0,3,1,2,0,,"alpha_beta_crown,neuralsat,pyrat"
tinyimagenet_2024,TinyImageNet_resnet_medium.onnx,TinyImageNet_resnet_medium_prop_idx_7152_sidx_4185_eps_0.0039.vnnlib,unsat,0,2,2,2,0,,"alpha_beta_crown,neuralsat"
tinyimagenet_2024,TinyImageNet_resnet_medium.onnx,TinyImageNet_resnet_medium_prop_idx_7183_sidx_4731_eps_0.0039.vnnlib,unsat,0,2,2,2,0,,"alpha_beta_crown,neuralsat"
tinyimagenet_2024,TinyImageNet_resnet_medium.onnx,TinyImageNet_resnet_medium_prop_idx_7209_sidx_9753_eps_0.0039.vnnlib,unsat,0,3,1,2,0,,"alpha_beta_crown,neuralsat,pyrat"
tinyimagenet_2024,TinyImageNet_resnet_medium.onnx,TinyImageNet_resnet_medium_prop_idx_7231_sidx_415_eps_0.0039.vnnlib,unsat,0,3,1,2,0,,"alpha_beta_crown,neuralsat,pyrat"
tinyimagenet_2024,TinyImageNet_resnet_medium.onnx,TinyImageNet_resnet_medium_prop_idx_723_sidx_7730_eps_0.0039.vnnlib,unsat,0,3,1,2,0,,"alpha_beta_crown,neuralsat,pyrat"
tinyimagenet_2024,TinyImageNet_resnet_medium.onnx,TinyImageNet_resnet_medium_prop_idx_7277_sidx_8835_eps_0.0039.vnnlib,sat,2,0,2,2,0,,"alpha_beta_crown,neuralsat"
tinyimagenet_2024,TinyImageNet_resnet_medium.onnx,TinyImageNet_resnet_medium_prop_idx_7365_sidx_3284_eps_0.0039.vnnlib,sat,4,0,1,1,0,,"alpha_beta_crown,cora,neuralsat,pyrat"
tinyimagenet_2024,TinyImageNet_resnet_medium.onnx,TinyImageNet_resnet_medium_prop_idx_7390_sidx_2694_eps_0.0039.vnnlib,unsat,0,1,3,2,0,,alpha_beta_crown
tinyimagenet_2024,TinyImageNet_resnet_medium.onnx,TinyImageNet_resnet_medium_prop_idx_7403_sidx_8686_eps_0.0039.vnnlib,unsat,0,3,1,2,0,,"alpha_beta_crown,neuralsat,pyrat"
tinyimagenet_2024,TinyImageNet_resnet_medium.onnx,TinyImageNet_resnet_medium_prop_idx_7473_sidx_6046_eps_0.0039.vnnlib,unsat,0,3,1,2,0,,"alpha_beta_crown,neuralsat,pyrat"
tinyimagenet_2024,TinyImageNet_resnet_medium.onnx,TinyImageNet_resnet_medium_prop_idx_7525_sidx_3725_eps_0.0039.vnnlib,unknown,0,0,4,2,0,,
tinyimagenet_2024,TinyImageNet_resnet_medium.onnx,TinyImageNet_resnet_medium_prop_idx_7538_sidx_5076_eps_0.0039.vnnlib,unsat,0,1,3,2,0,,alpha_beta_crown
tinyimagenet_2024,TinyImageNet_resnet_medium.onnx,TinyImageNet_resnet_medium_prop_idx_7542_sidx_9873_eps_0.0039.vnnlib,unsat,0,1,3,2,0,,alpha_beta_crown
tinyimagenet_2024,TinyImageNet_resnet_medium.onnx,TinyImageNet_resnet_medium_prop_idx_7575_sidx_6502_eps_0.0039.vnnlib,unsat,0,2,2,2,0,,"alpha_beta_crown,neuralsat"
tinyimagenet_2024,TinyImageNet_resnet_medium.onnx,TinyImageNet_resnet_medium_prop_idx_7600_sidx_1132_eps_0.0039.vnnlib,unsat,0,3,1,2,0,,"alpha_beta_crown,neuralsat,pyrat"
tinyimagenet_2024,TinyImageNet_resnet_medium.onnx,TinyImageNet_resnet_medium_prop_idx_7689_sidx_3205_eps_0.0039.vnnlib,unsat,0,3,1,2,0,,"alpha_beta_crown,neuralsat,pyrat"
tinyimagenet_2024,TinyImageNet_resnet_medium.onnx,TinyImageNet_resnet_medium_prop_idx_7749_sidx_8253_eps_0.0039.vnnlib,unsat,0,3,1,2,0,,"alpha_beta_crown,neuralsat,pyrat"
tinyimagenet_2024,TinyImageNet_resnet_medium.onnx,TinyImageNet_resnet_medium_prop_idx_7762_sidx_3616_eps_0.0039.vnnlib,unsat,0,2,2,2,0,,"alpha_beta_crown,neuralsat"
tinyimagenet_2024,TinyImageNet_resnet_medium.onnx,TinyImageNet_resnet_medium_prop_idx_7847_sidx_9927_eps_0.0039.vnnlib,unsat,0,2,2,2,0,,"alpha_beta_crown,neuralsat"
tinyimagenet_2024,TinyImageNet_resnet_medium.onnx,TinyImageNet_resnet_medium_prop_idx_7883_sidx_4184_eps_0.0039.vnnlib,unsat,0,3,1,2,0,,"alpha_beta_crown,neuralsat,pyrat"
tinyimagenet_2024,TinyImageNet_resnet_medium.onnx,TinyImageNet_resnet_medium_prop_idx_7889_sidx_4249_eps_0.0039.vnnlib,unknown,0,0,4,2,0,,
tinyimagenet_2024,TinyImageNet_resnet_medium.onnx,TinyImageNet_resnet_medium_prop_idx_7943_sidx_6299_eps_0.0039.vnnlib,unsat,0,1,3,2,0,,alpha_beta_crown
tinyimagenet_2024,TinyImageNet_resnet_medium.onnx,TinyImageNet_resnet_medium_prop_idx_7946_sidx_1068_eps_0.0039.vnnlib,unsat,0,3,1,2,0,,"alpha_beta_crown,neuralsat,pyrat"
tinyimagenet_2024,TinyImageNet_resnet_medium.onnx,TinyImageNet_resnet_medium_prop_idx_8005_sidx_2582_eps_0.0039.vnnlib,unsat,0,2,2,2,0,,"alpha_beta_crown,neuralsat"
tinyimagenet_2024,TinyImageNet_resnet_medium.onnx,TinyImageNet_resnet_medium_prop_idx_8042_sidx_9227_eps_0.0039.vnnlib,unsat,0,2,2,2,0,,"alpha_beta_crown,neuralsat"
tinyimagenet_2024,TinyImageNet_resnet_medium.onnx,TinyImageNet_resnet_medium_prop_idx_8101_sidx_2821_eps_0.0039.vnnlib,unsat,0,3,1,2,0,,"alpha_beta_crown,neuralsat,pyrat"
tinyimagenet_2024,TinyImageNet_resnet_medium.onnx,TinyImageNet_resnet_medium_prop_idx_8173_sidx_1641_eps_0.0039.vnnlib,unsat,0,1,3,2,0,,alpha_beta_crown
tinyimagenet_2024,TinyImageNet_resnet_medium.onnx,TinyImageNet_resnet_medium_prop_idx_8176_sidx_2705_eps_0.0039.vnnlib,unsat,0,1,3,2,0,,alpha_beta_crown
tinyimagenet_2024,TinyImageNet_resnet_medium.onnx,TinyImageNet_resnet_medium_prop_idx_8257_sidx_5574_eps_0.0039.vnnlib,unsat,0,2,2,2,0,,"alpha_beta_crown,neuralsat"
tinyimagenet_2024,TinyImageNet_resnet_medium.onnx,TinyImageNet_resnet_medium_prop_idx_8288_sidx_307_eps_0.0039.vnnlib,sat,3,0,1,2,0,,"alpha_beta_crown,neuralsat,pyrat"
tinyimagenet_2024,TinyImageNet_resnet_medium.onnx,TinyImageNet_resnet_medium_prop_idx_8310_sidx_4525_eps_0.0039.vnnlib,sat,3,0,1,2,0,,"alpha_beta_crown,neuralsat,pyrat"
tinyimagenet_2024,TinyImageNet_resnet_medium.onnx,TinyImageNet_resnet_medium_prop_idx_8372_sidx_8419_eps_0.0039.vnnlib,unsat,0,2,2,2,0,,"alpha_beta_crown,neuralsat"
tinyimagenet_2024,TinyImageNet_resnet_medium.onnx,TinyImageNet_resnet_medium_prop_idx_8444_sidx_2478_eps_0.0039.vnnlib,unknown,0,0,4,2,0,,
tinyimagenet_2024,TinyImageNet_resnet_medium.onnx,TinyImageNet_resnet_medium_prop_idx_8472_sidx_7499_eps_0.0039.vnnlib,unsat,0,2,2,2,0,,"alpha_beta_crown,neuralsat"
tinyimagenet_2024,TinyImageNet_resnet_medium.onnx,TinyImageNet_resnet_medium_prop_idx_8651_sidx_6574_eps_0.0039.vnnlib,unsat,0,2,2,2,0,,"alpha_beta_crown,neuralsat"
tinyimagenet_2024,TinyImageNet_resnet_medium.onnx,TinyImageNet_resnet_medium_prop_idx_8684_sidx_9001_eps_0.0039.vnnlib,unsat,0,2,2,2,0,,"alpha_beta_crown,neuralsat"
tinyimagenet_2024,TinyImageNet_resnet_medium.onnx,TinyImageNet_resnet_medium_prop_idx_8698_sidx_4012_eps_0.0039.vnnlib,unknown,0,0,4,2,0,,
tinyimagenet_2024,TinyImageNet_resnet_medium.onnx,TinyImageNet_resnet_medium_prop_idx_8756_sidx_3958_eps_0.0039.vnnlib,unsat,0,2,2,2,0,,"alpha_beta_crown,neuralsat"
tinyimagenet_2024,TinyImageNet_resnet_medium.onnx,TinyImageNet_resnet_medium_prop_idx_879_sidx_6242_eps_0.0039.vnnlib,unsat,0,3,1,2,0,,"alpha_beta_crown,neuralsat,pyrat"
tinyimagenet_2024,TinyImageNet_resnet_medium.onnx,TinyImageNet_resnet_medium_prop_idx_8887_sidx_8800_eps_0.0039.vnnlib,sat,3,0,1,2,0,,"alpha_beta_crown,neuralsat,pyrat"
tinyimagenet_2024,TinyImageNet_resnet_medium.onnx,TinyImageNet_resnet_medium_prop_idx_9025_sidx_9203_eps_0.0039.vnnlib,sat,3,0,1,2,0,,"alpha_beta_crown,neuralsat,pyrat"
tinyimagenet_2024,TinyImageNet_resnet_medium.onnx,TinyImageNet_resnet_medium_prop_idx_9079_sidx_5823_eps_0.0039.vnnlib,unsat,0,2,2,2,0,,"alpha_beta_crown,neuralsat"
tinyimagenet_2024,TinyImageNet_resnet_medium.onnx,TinyImageNet_resnet_medium_prop_idx_9215_sidx_4878_eps_0.0039.vnnlib,unsat,0,1,3,2,0,,alpha_beta_crown
tinyimagenet_2024,TinyImageNet_resnet_medium.onnx,TinyImageNet_resnet_medium_prop_idx_9262_sidx_880_eps_0.0039.vnnlib,sat,6,0,0,0,0,,"alpha_beta_crown,cora,neuralsat,nnv,pyrat,rover"
tinyimagenet_2024,TinyImageNet_resnet_medium.onnx,TinyImageNet_resnet_medium_prop_idx_9271_sidx_575_eps_0.0039.vnnlib,sat,3,0,1,2,0,,"alpha_beta_crown,neuralsat,pyrat"
tinyimagenet_2024,TinyImageNet_resnet_medium.onnx,TinyImageNet_resnet_medium_prop_idx_9330_sidx_2275_eps_0.0039.vnnlib,unknown,0,0,4,2,0,,
tinyimagenet_2024,TinyImageNet_resnet_medium.onnx,TinyImageNet_resnet_medium_prop_idx_9419_sidx_9984_eps_0.0039.vnnlib,unsat,0,3,1,2,0,,"alpha_beta_crown,neuralsat,pyrat"
tinyimagenet_2024,TinyImageNet_resnet_medium.onnx,TinyImageNet_resnet_medium_prop_idx_9437_sidx_5480_eps_0.0039.vnnlib,sat,3,0,1,2,0,,"alpha_beta_crown,neuralsat,pyrat"
tinyimagenet_2024,TinyImageNet_resnet_medium.onnx,TinyImageNet_resnet_medium_prop_idx_9458_sidx_2592_eps_0.0039.vnnlib,unknown,0,0,4,2,0,,
tinyimagenet_2024,TinyImageNet_resnet_medium.onnx,TinyImageNet_resnet_medium_prop_idx_9476_sidx_5602_eps_0.0039.vnnlib,unsat,0,3,1,2,0,,"alpha_beta_crown,neuralsat,pyrat"
tinyimagenet_2024,TinyImageNet_resnet_medium.onnx,TinyImageNet_resnet_medium_prop_idx_9535_sidx_6151_eps_0.0039.vnnlib,unsat,0,3,1,2,0,,"alpha_beta_crown,neuralsat,pyrat"
tinyimagenet_2024,TinyImageNet_resnet_medium.onnx,TinyImageNet_resnet_medium_prop_idx_9558_sidx_6082_eps_0.0039.vnnlib,sat,3,0,1,2,0,,"alpha_beta_crown,neuralsat,pyrat"
tinyimagenet_2024,TinyImageNet_resnet_medium.onnx,TinyImageNet_resnet_medium_prop_idx_9569_sidx_8561_eps_0.0039.vnnlib,unknown,0,0,4,2,0,,
tinyimagenet_2024,TinyImageNet_resnet_medium.onnx,TinyImageNet_resnet_medium_prop_idx_9584_sidx_3691_eps_0.0039.vnnlib,unsat,0,3,1,2,0,,"alpha_beta_crown,neuralsat,pyrat"
tinyimagenet_2024,TinyImageNet_resnet_medium.onnx,TinyImageNet_resnet_medium_prop_idx_9586_sidx_1970_eps_0.0039.vnnlib,unsat,0,3,1,2,0,,"alpha_beta_crown,neuralsat,pyrat"
tinyimagenet_2024,TinyImageNet_resnet_medium.onnx,TinyImageNet_resnet_medium_prop_idx_9600_sidx_3536_eps_0.0039.vnnlib,unsat,0,2,2,2,0,,"alpha_beta_crown,neuralsat"
tinyimagenet_2024,TinyImageNet_resnet_medium.onnx,TinyImageNet_resnet_medium_prop_idx_9611_sidx_7725_eps_0.0039.vnnlib,unsat,0,3,1,2,0,,"alpha_beta_crown,neuralsat,pyrat"
tinyimagenet_2024,TinyImageNet_resnet_medium.onnx,TinyImageNet_resnet_medium_prop_idx_9656_sidx_451_eps_0.0039.vnnlib,unsat,0,3,1,2,0,,"alpha_beta_crown,neuralsat,pyrat"
tinyimagenet_2024,TinyImageNet_resnet_medium.onnx,TinyImageNet_resnet_medium_prop_idx_9729_sidx_1662_eps_0.0039.vnnlib,unsat,0,3,1,2,0,,"alpha_beta_crown,neuralsat,pyrat"
tinyimagenet_2024,TinyImageNet_resnet_medium.onnx,TinyImageNet_resnet_medium_prop_idx_974_sidx_2976_eps_0.0039.vnnlib,unsat,0,1,3,2,0,,alpha_beta_crown
tinyimagenet_2024,TinyImageNet_resnet_medium.onnx,TinyImageNet_resnet_medium_prop_idx_9825_sidx_6883_eps_0.0039.vnnlib,unsat,0,3,1,2,0,,"alpha_beta_crown,neuralsat,pyrat"
tinyimagenet_2024,TinyImageNet_resnet_medium.onnx,TinyImageNet_resnet_medium_prop_idx_9840_sidx_3444_eps_0.0039.vnnlib,unsat,0,2,2,2,0,,"alpha_beta_crown,neuralsat"
tinyimagenet_2024,TinyImageNet_resnet_medium.onnx,TinyImageNet_resnet_medium_prop_idx_9875_sidx_1510_eps_0.0039.vnnlib,unsat,0,3,1,2,0,,"alpha_beta_crown,neuralsat,pyrat"
tinyimagenet_2024,TinyImageNet_resnet_medium.onnx,TinyImageNet_resnet_medium_prop_idx_9940_sidx_5174_eps_0.0039.vnnlib,unsat,0,3,1,2,0,,"alpha_beta_crown,neuralsat,pyrat"
tinyimagenet_2024,TinyImageNet_resnet_medium.onnx,TinyImageNet_resnet_medium_prop_idx_9992_sidx_5063_eps_0.0039.vnnlib,sat,3,0,1,2,0,,"alpha_beta_crown,neuralsat,pyrat"
tinyimagenet_2024,test_nano.onnx,test_nano.vnnlib,unsat,0,4,0,1,1,,"alpha_beta_crown,cora,neuralsat,pyrat"
vit_2023,ibp_3_3_8.onnx,ibp_3_3_8_1028.vnnlib,unknown,0,0,3,0,2,,
vit_2023,ibp_3_3_8.onnx,ibp_3_3_8_1151.vnnlib,unsat,0,2,1,0,2,,"alpha_beta_crown,pyrat"
vit_2023,ibp_3_3_8.onnx,ibp_3_3_8_1264.vnnlib,unknown,0,0,3,0,2,,
vit_2023,ibp_3_3_8.onnx,ibp_3_3_8_1648.vnnlib,unsat,0,2,1,0,2,,"alpha_beta_crown,pyrat"
vit_2023,ibp_3_3_8.onnx,ibp_3_3_8_1656.vnnlib,unsat,0,1,2,0,2,,alpha_beta_crown
vit_2023,ibp_3_3_8.onnx,ibp_3_3_8_1767.vnnlib,unknown,0,0,3,0,2,,
vit_2023,ibp_3_3_8.onnx,ibp_3_3_8_1796.vnnlib,unsat,0,2,1,0,2,,"alpha_beta_crown,pyrat"
vit_2023,ibp_3_3_8.onnx,ibp_3_3_8_2157.vnnlib,unsat,0,1,2,0,2,,alpha_beta_crown
vit_2023,ibp_3_3_8.onnx,ibp_3_3_8_2303.vnnlib,unknown,0,0,3,0,2,,
vit_2023,ibp_3_3_8.onnx,ibp_3_3_8_2339.vnnlib,unsat,0,3,1,0,1,,"alpha_beta_crown,neuralsat,pyrat"
vit_2023,ibp_3_3_8.onnx,ibp_3_3_8_236.vnnlib,unknown,0,0,3,0,2,,
vit_2023,ibp_3_3_8.onnx,ibp_3_3_8_2383.vnnlib,unknown,0,0,3,0,2,,
vit_2023,ibp_3_3_8.onnx,ibp_3_3_8_2429.vnnlib,unsat,0,2,1,0,2,,"alpha_beta_crown,pyrat"
vit_2023,ibp_3_3_8.onnx,ibp_3_3_8_253.vnnlib,unsat,0,1,2,0,2,,alpha_beta_crown
vit_2023,ibp_3_3_8.onnx,ibp_3_3_8_260.vnnlib,unknown,0,0,3,0,2,,
vit_2023,ibp_3_3_8.onnx,ibp_3_3_8_2671.vnnlib,unsat,0,1,2,0,2,,alpha_beta_crown
vit_2023,ibp_3_3_8.onnx,ibp_3_3_8_2738.vnnlib,unknown,0,0,3,0,2,,
vit_2023,ibp_3_3_8.onnx,ibp_3_3_8_2759.vnnlib,unsat,0,2,1,0,2,,"alpha_beta_crown,pyrat"
vit_2023,ibp_3_3_8.onnx,ibp_3_3_8_2851.vnnlib,unknown,0,0,3,0,2,,
vit_2023,ibp_3_3_8.onnx,ibp_3_3_8_2949.vnnlib,unknown,0,0,3,0,2,,
vit_2023,ibp_3_3_8.onnx,ibp_3_3_8_3005.vnnlib,unsat,0,1,2,0,2,,alpha_beta_crown
vit_2023,ibp_3_3_8.onnx,ibp_3_3_8_3031.vnnlib,unknown,0,0,3,0,2,,
vit_2023,ibp_3_3_8.onnx,ibp_3_3_8_3131.vnnlib,unsat,0,2,1,0,2,,"alpha_beta_crown,pyrat"
vit_2023,ibp_3_3_8.onnx,ibp_3_3_8_3158.vnnlib,unsat,0,2,1,0,2,,"alpha_beta_crown,pyrat"
vit_2023,ibp_3_3_8.onnx,ibp_3_3_8_3193.vnnlib,unsat,0,2,1,0,2,,"alpha_beta_crown,pyrat"
vit_2023,ibp_3_3_8.onnx,ibp_3_3_8_3683.vnnlib,unsat,0,2,1,0,2,,"alpha_beta_crown,pyrat"
vit_2023,ibp_3_3_8.onnx,ibp_3_3_8_3810.vnnlib,unknown,0,0,3,0,2,,
vit_2023,ibp_3_3_8.onnx,ibp_3_3_8_3850.vnnlib,unsat,0,2,1,0,2,,"alpha_beta_crown,pyrat"
vit_2023,ibp_3_3_8.onnx,ibp_3_3_8_3895.vnnlib,unsat,0,2,1,0,2,,"alpha_beta_crown,pyrat"
vit_2023,ibp_3_3_8.onnx,ibp_3_3_8_3949.vnnlib,unsat,0,1,2,0,2,,alpha_beta_crown
vit_2023,ibp_3_3_8.onnx,ibp_3_3_8_4027.vnnlib,unsat,0,3,1,0,1,,"alpha_beta_crown,neuralsat,pyrat"
vit_2023,ibp_3_3_8.onnx,ibp_3_3_8_4199.vnnlib,unknown,0,0,3,0,2,,
vit_2023,ibp_3_3_8.onnx,ibp_3_3_8_4297.vnnlib,unknown,0,0,3,0,2,,
vit_2023,ibp_3_3_8.onnx,ibp_3_3_8_440.vnnlib,unknown,0,0,3,1,1,,
vit_2023,ibp_3_3_8.onnx,ibp_3_3_8_4493.vnnlib,unsat,0,2,1,0,2,,"alpha_beta_crown,pyrat"
vit_2023,ibp_3_3_8.onnx,ibp_3_3_8_460.vnnlib,unsat,0,3,1,0,1,,"alpha_beta_crown,neuralsat,pyrat"
vit_2023,ibp_3_3_8.onnx,ibp_3_3_8_4603.vnnlib,unsat,0,2,1,0,2,,"alpha_beta_crown,pyrat"
vit_2023,ibp_3_3_8.onnx,ibp_3_3_8_467.vnnlib,unsat,0,2,1,0,2,,"alpha_beta_crown,pyrat"
vit_2023,ibp_3_3_8.onnx,ibp_3_3_8_4703.vnnlib,unsat,0,3,1,0,1,,"alpha_beta_crown,neuralsat,pyrat"
vit_2023,ibp_3_3_8.onnx,ibp_3_3_8_477.vnnlib,unsat,0,2,1,0,2,,"alpha_beta_crown,pyrat"
vit_2023,ibp_3_3_8.onnx,ibp_3_3_8_4831.vnnlib,unsat,0,2,1,0,2,,"alpha_beta_crown,pyrat"
vit_2023,ibp_3_3_8.onnx,ibp_3_3_8_4846.vnnlib,unsat,0,3,1,0,1,,"alpha_beta_crown,neuralsat,pyrat"
vit_2023,ibp_3_3_8.onnx,ibp_3_3_8_4861.vnnlib,unsat,0,2,1,0,2,,"alpha_beta_crown,pyrat"
vit_2023,ibp_3_3_8.onnx,ibp_3_3_8_4879.vnnlib,unsat,0,2,1,0,2,,"alpha_beta_crown,pyrat"
vit_2023,ibp_3_3_8.onnx,ibp_3_3_8_5402.vnnlib,unknown,0,0,3,0,2,,
vit_2023,ibp_3_3_8.onnx,ibp_3_3_8_5532.vnnlib,unknown,0,0,3,0,2,,
vit_2023,ibp_3_3_8.onnx,ibp_3_3_8_5535.vnnlib,unknown,0,0,3,0,2,,
vit_2023,ibp_3_3_8.onnx,ibp_3_3_8_5600.vnnlib,unsat,0,2,1,0,2,,"alpha_beta_crown,pyrat"
vit_2023,ibp_3_3_8.onnx,ibp_3_3_8_5753.vnnlib,unknown,0,0,3,0,2,,
vit_2023,ibp_3_3_8.onnx,ibp_3_3_8_5899.vnnlib,unsat,0,2,1,0,2,,"alpha_beta_crown,pyrat"
vit_2023,ibp_3_3_8.onnx,ibp_3_3_8_6025.vnnlib,unsat,0,2,1,0,2,,"alpha_beta_crown,pyrat"
vit_2023,ibp_3_3_8.onnx,ibp_3_3_8_6091.vnnlib,unknown,0,0,3,0,2,,
vit_2023,ibp_3_3_8.onnx,ibp_3_3_8_6239.vnnlib,unsat,0,2,1,0,2,,"alpha_beta_crown,pyrat"
vit_2023,ibp_3_3_8.onnx,ibp_3_3_8_6263.vnnlib,unsat,0,2,1,0,2,,"alpha_beta_crown,pyrat"
vit_2023,ibp_3_3_8.onnx,ibp_3_3_8_6300.vnnlib,unsat,0,2,1,0,2,,"alpha_beta_crown,pyrat"
vit_2023,ibp_3_3_8.onnx,ibp_3_3_8_6401.vnnlib,unsat,0,3,1,0,1,,"alpha_beta_crown,neuralsat,pyrat"
vit_2023,ibp_3_3_8.onnx,ibp_3_3_8_6438.vnnlib,unsat,0,1,2,0,2,,pyrat
vit_2023,ibp_3_3_8.onnx,ibp_3_3_8_6769.vnnlib,unsat,0,1,2,0,2,,alpha_beta_crown
vit_2023,ibp_3_3_8.onnx,ibp_3_3_8_6902.vnnlib,unknown,0,0,3,0,2,,
vit_2023,ibp_3_3_8.onnx,ibp_3_3_8_6948.vnnlib,unsat,0,3,1,0,1,,"alpha_beta_crown,neuralsat,pyrat"
vit_2023,ibp_3_3_8.onnx,ibp_3_3_8_7011.vnnlib,unsat,0,1,2,0,2,,alpha_beta_crown
vit_2023,ibp_3_3_8.onnx,ibp_3_3_8_7116.vnnlib,unsat,0,2,1,0,2,,"alpha_beta_crown,pyrat"
vit_2023,ibp_3_3_8.onnx,ibp_3_3_8_7132.vnnlib,unsat,0,3,1,0,1,,"alpha_beta_crown,neuralsat,pyrat"
vit_2023,ibp_3_3_8.onnx,ibp_3_3_8_7157.vnnlib,unknown,0,0,3,0,2,,
vit_2023,ibp_3_3_8.onnx,ibp_3_3_8_7227.vnnlib,unsat,0,2,1,0,2,,"alpha_beta_crown,pyrat"
vit_2023,ibp_3_3_8.onnx,ibp_3_3_8_7305.vnnlib,unsat,0,3,1,0,1,,"alpha_beta_crown,neuralsat,pyrat"
vit_2023,ibp_3_3_8.onnx,ibp_3_3_8_7322.vnnlib,unsat,0,3,1,0,1,,"alpha_beta_crown,neuralsat,pyrat"
vit_2023,ibp_3_3_8.onnx,ibp_3_3_8_7364.vnnlib,unsat,0,3,1,0,1,,"alpha_beta_crown,neuralsat,pyrat"
vit_2023,ibp_3_3_8.onnx,ibp_3_3_8_746.vnnlib,unsat,0,2,1,0,2,,"alpha_beta_crown,pyrat"
vit_2023,ibp_3_3_8.onnx,ibp_3_3_8_7624.vnnlib,unsat,0,2,1,0,2,,"alpha_beta_crown,pyrat"
vit_2023,ibp_3_3_8.onnx,ibp_3_3_8_7671.vnnlib,unsat,0,1,2,0,2,,alpha_beta_crown
vit_2023,ibp_3_3_8.onnx,ibp_3_3_8_7682.vnnlib,unknown,0,0,3,0,2,,
vit_2023,ibp_3_3_8.onnx,ibp_3_3_8_7689.vnnlib,unknown,0,0,3,0,2,,
vit_2023,ibp_3_3_8.onnx,ibp_3_3_8_7926.vnnlib,unknown,0,0,3,0,2,,
vit_2023,ibp_3_3_8.onnx,ibp_3_3_8_8137.vnnlib,unknown,0,0,3,0,2,,
vit_2023,ibp_3_3_8.onnx,ibp_3_3_8_8146.vnnlib,unknown,0,0,3,0,2,,
vit_2023,ibp_3_3_8.onnx,ibp_3_3_8_8325.vnnlib,unsat,0,1,2,0,2,,alpha_beta_crown
vit_2023,ibp_3_3_8.onnx,ibp_3_3_8_8354.vnnlib,unsat,0,3,1,0,1,,"alpha_beta_crown,neuralsat,pyrat"
vit_2023,ibp_3_3_8.onnx,ibp_3_3_8_8369.vnnlib,unknown,0,0,3,0,2,,
vit_2023,ibp_3_3_8.onnx,ibp_3_3_8_8370.vnnlib,unknown,0,0,3,0,2,,
vit_2023,ibp_3_3_8.onnx,ibp_3_3_8_8386.vnnlib,unsat,0,1,2,0,2,,alpha_beta_crown
vit_2023,ibp_3_3_8.onnx,ibp_3_3_8_8481.vnnlib,unsat,0,1,2,0,2,,alpha_beta_crown
vit_2023,ibp_3_3_8.onnx,ibp_3_3_8_8694.vnnlib,unsat,0,1,2,0,2,,pyrat
vit_2023,ibp_3_3_8.onnx,ibp_3_3_8_8740.vnnlib,unsat,0,2,1,0,2,,"alpha_beta_crown,pyrat"
vit_2023,ibp_3_3_8.onnx,ibp_3_3_8_8783.vnnlib,unsat,0,3,1,0,1,,"alpha_beta_crown,neuralsat,pyrat"
vit_2023,ibp_3_3_8.onnx,ibp_3_3_8_8792.vnnlib,unsat,0,2,1,0,2,,"alpha_beta_crown,pyrat"
vit_2023,ibp_3_3_8.onnx,ibp_3_3_8_8900.vnnlib,unsat,0,2,1,0,2,,"alpha_beta_crown,pyrat"
vit_2023,ibp_3_3_8.onnx,ibp_3_3_8_8918.vnnlib,unsat,0,3,1,0,1,,"alpha_beta_crown,neuralsat,pyrat"
vit_2023,ibp_3_3_8.onnx,ibp_3_3_8_9059.vnnlib,unsat,0,3,1,0,1,,"alpha_beta_crown,neuralsat,pyrat"
vit_2023,ibp_3_3_8.onnx,ibp_3_3_8_9128.vnnlib,unknown,0,0,3,0,2,,
vit_2023,ibp_3_3_8.onnx,ibp_3_3_8_9175.vnnlib,unsat,0,3,1,0,1,,"alpha_beta_crown,neuralsat,pyrat"
vit_2023,ibp_3_3_8.onnx,ibp_3_3_8_9430.vnnlib,unknown,0,0,3,0,2,,
vit_2023,ibp_3_3_8.onnx,ibp_3_3_8_9432.vnnlib,unsat,0,3,1,0,1,,"alpha_beta_crown,neuralsat,pyrat"
vit_2023,ibp_3_3_8.onnx,ibp_3_3_8_9481.vnnlib,unsat,0,2,1,0,2,,"alpha_beta_crown,pyrat"
vit_2023,ibp_3_3_8.onnx,ibp_3_3_8_9687.vnnlib,unknown,0,0,3,0,2,,
vit_2023,ibp_3_3_8.onnx,ibp_3_3_8_9708.vnnlib,unsat,0,2,1,0,2,,"alpha_beta_crown,pyrat"
vit_2023,ibp_3_3_8.onnx,ibp_3_3_8_9794.vnnlib,unsat,0,1,2,0,2,,alpha_beta_crown
vit_2023,ibp_3_3_8.onnx,ibp_3_3_8_9895.vnnlib,unsat,0,3,1,0,1,,"alpha_beta_crown,neuralsat,pyrat"
vit_2023,ibp_3_3_8.onnx,ibp_3_3_8_996.vnnlib,unsat,0,2,1,0,2,,"alpha_beta_crown,pyrat"
vit_2023,ibp_3_3_8.onnx,ibp_3_3_8_9965.vnnlib,unknown,0,0,3,0,2,,
vit_2023,pgd_2_3_16.onnx,pgd_2_3_16_1058.vnnlib,unknown,0,0,3,0,2,,
vit_2023,pgd_2_3_16.onnx,pgd_2_3_16_1087.vnnlib,unsat,0,2,2,1,0,,"alpha_beta_crown,neuralsat"
vit_2023,pgd_2_3_16.onnx,pgd_2_3_16_1197.vnnlib,unsat,0,3,1,1,0,,"alpha_beta_crown,neuralsat,pyrat"
vit_2023,pgd_2_3_16.onnx,pgd_2_3_16_1438.vnnlib,unknown,0,0,3,1,1,,
vit_2023,pgd_2_3_16.onnx,pgd_2_3_16_1559.vnnlib,unknown,0,0,3,0,2,,
vit_2023,pgd_2_3_16.onnx,pgd_2_3_16_1566.vnnlib,unsat,0,2,2,0,1,,"alpha_beta_crown,neuralsat"
vit_2023,pgd_2_3_16.onnx,pgd_2_3_16_1579.vnnlib,unsat,0,3,1,1,0,,"alpha_beta_crown,neuralsat,pyrat"
vit_2023,pgd_2_3_16.onnx,pgd_2_3_16_160.vnnlib,unknown,0,0,3,1,1,,
vit_2023,pgd_2_3_16.onnx,pgd_2_3_16_1792.vnnlib,unsat,0,3,1,1,0,,"alpha_beta_crown,neuralsat,pyrat"
vit_2023,pgd_2_3_16.onnx,pgd_2_3_16_183.vnnlib,unknown,0,0,3,0,2,,
vit_2023,pgd_2_3_16.onnx,pgd_2_3_16_1949.vnnlib,unsat,0,3,1,1,0,,"alpha_beta_crown,neuralsat,pyrat"
vit_2023,pgd_2_3_16.onnx,pgd_2_3_16_2043.vnnlib,unsat,0,2,2,1,0,,"alpha_beta_crown,neuralsat"
vit_2023,pgd_2_3_16.onnx,pgd_2_3_16_2113.vnnlib,unsat,0,3,1,1,0,,"alpha_beta_crown,neuralsat,pyrat"
vit_2023,pgd_2_3_16.onnx,pgd_2_3_16_2203.vnnlib,unknown,0,0,3,0,2,,
vit_2023,pgd_2_3_16.onnx,pgd_2_3_16_2209.vnnlib,unsat,0,1,2,0,2,,alpha_beta_crown
vit_2023,pgd_2_3_16.onnx,pgd_2_3_16_2218.vnnlib,unsat,0,3,1,0,1,,"alpha_beta_crown,neuralsat,pyrat"
vit_2023,pgd_2_3_16.onnx,pgd_2_3_16_2296.vnnlib,unsat,0,3,1,1,0,,"alpha_beta_crown,neuralsat,pyrat"
vit_2023,pgd_2_3_16.onnx,pgd_2_3_16_2351.vnnlib,unknown,0,0,3,1,1,,
vit_2023,pgd_2_3_16.onnx,pgd_2_3_16_2446.vnnlib,unsat,0,2,2,1,0,,"alpha_beta_crown,neuralsat"
vit_2023,pgd_2_3_16.onnx,pgd_2_3_16_2593.vnnlib,unsat,0,3,1,0,1,,"alpha_beta_crown,neuralsat,pyrat"
vit_2023,pgd_2_3_16.onnx,pgd_2_3_16_2640.vnnlib,unknown,0,0,3,0,2,,
vit_2023,pgd_2_3_16.onnx,pgd_2_3_16_2760.vnnlib,unknown,0,0,3,0,2,,
vit_2023,pgd_2_3_16.onnx,pgd_2_3_16_2830.vnnlib,unsat,0,1,2,0,2,,alpha_beta_crown
vit_2023,pgd_2_3_16.onnx,pgd_2_3_16_285.vnnlib,unsat,0,3,1,1,0,,"alpha_beta_crown,neuralsat,pyrat"
vit_2023,pgd_2_3_16.onnx,pgd_2_3_16_2896.vnnlib,unsat,0,3,1,1,0,,"alpha_beta_crown,neuralsat,pyrat"
vit_2023,pgd_2_3_16.onnx,pgd_2_3_16_3034.vnnlib,unsat,0,3,1,0,1,,"alpha_beta_crown,neuralsat,pyrat"
vit_2023,pgd_2_3_16.onnx,pgd_2_3_16_3155.vnnlib,unknown,0,0,3,1,1,,
vit_2023,pgd_2_3_16.onnx,pgd_2_3_16_3313.vnnlib,unsat,0,3,1,1,0,,"alpha_beta_crown,neuralsat,pyrat"
vit_2023,pgd_2_3_16.onnx,pgd_2_3_16_3543.vnnlib,unknown,0,0,3,0,2,,
vit_2023,pgd_2_3_16.onnx,pgd_2_3_16_3660.vnnlib,unknown,0,0,3,0,2,,
vit_2023,pgd_2_3_16.onnx,pgd_2_3_16_3689.vnnlib,unsat,0,2,2,1,0,,"alpha_beta_crown,neuralsat"
vit_2023,pgd_2_3_16.onnx,pgd_2_3_16_3695.vnnlib,unsat,0,3,1,1,0,,"alpha_beta_crown,neuralsat,pyrat"
vit_2023,pgd_2_3_16.onnx,pgd_2_3_16_3727.vnnlib,unsat,0,3,1,0,1,,"alpha_beta_crown,neuralsat,pyrat"
vit_2023,pgd_2_3_16.onnx,pgd_2_3_16_374.vnnlib,unsat,0,1,2,1,1,,alpha_beta_crown
vit_2023,pgd_2_3_16.onnx,pgd_2_3_16_3832.vnnlib,unknown,0,0,3,0,2,,
vit_2023,pgd_2_3_16.onnx,pgd_2_3_16_4049.vnnlib,unknown,0,0,3,0,2,,
vit_2023,pgd_2_3_16.onnx,pgd_2_3_16_425.vnnlib,unsat,0,3,1,1,0,,"alpha_beta_crown,neuralsat,pyrat"
vit_2023,pgd_2_3_16.onnx,pgd_2_3_16_4350.vnnlib,unsat,0,2,2,0,1,,"alpha_beta_crown,neuralsat"
vit_2023,pgd_2_3_16.onnx,pgd_2_3_16_4380.vnnlib,unsat,0,3,1,1,0,,"alpha_beta_crown,neuralsat,pyrat"
vit_2023,pgd_2_3_16.onnx,pgd_2_3_16_4509.vnnlib,unknown,0,0,3,0,2,,
vit_2023,pgd_2_3_16.onnx,pgd_2_3_16_4567.vnnlib,unknown,0,0,3,0,2,,
vit_2023,pgd_2_3_16.onnx,pgd_2_3_16_4714.vnnlib,unsat,0,3,1,0,1,,"alpha_beta_crown,neuralsat,pyrat"
vit_2023,pgd_2_3_16.onnx,pgd_2_3_16_4817.vnnlib,unknown,0,0,3,1,1,,
vit_2023,pgd_2_3_16.onnx,pgd_2_3_16_5030.vnnlib,unsat,0,2,2,0,1,,"alpha_beta_crown,neuralsat"
vit_2023,pgd_2_3_16.onnx,pgd_2_3_16_5201.vnnlib,unknown,0,0,3,0,2,,
vit_2023,pgd_2_3_16.onnx,pgd_2_3_16_535.vnnlib,unsat,0,1,2,0,2,,alpha_beta_crown
vit_2023,pgd_2_3_16.onnx,pgd_2_3_16_5528.vnnlib,unsat,0,1,1,1,2,,alpha_beta_crown
vit_2023,pgd_2_3_16.onnx,pgd_2_3_16_5579.vnnlib,unsat,0,1,2,0,2,,alpha_beta_crown
vit_2023,pgd_2_3_16.onnx,pgd_2_3_16_560.vnnlib,unsat,0,2,2,0,1,,"alpha_beta_crown,neuralsat"
vit_2023,pgd_2_3_16.onnx,pgd_2_3_16_570.vnnlib,unsat,0,1,2,0,2,,alpha_beta_crown
vit_2023,pgd_2_3_16.onnx,pgd_2_3_16_5704.vnnlib,unknown,0,0,3,0,2,,
vit_2023,pgd_2_3_16.onnx,pgd_2_3_16_5846.vnnlib,unsat,0,3,1,0,1,,"alpha_beta_crown,neuralsat,pyrat"
vit_2023,pgd_2_3_16.onnx,pgd_2_3_16_6088.vnnlib,unsat,0,1,2,0,2,,alpha_beta_crown
vit_2023,pgd_2_3_16.onnx,pgd_2_3_16_6102.vnnlib,unknown,0,0,3,0,2,,
vit_2023,pgd_2_3_16.onnx,pgd_2_3_16_6160.vnnlib,unknown,0,0,3,1,1,,
vit_2023,pgd_2_3_16.onnx,pgd_2_3_16_6246.vnnlib,unsat,0,2,2,0,1,,"alpha_beta_crown,neuralsat"
vit_2023,pgd_2_3_16.onnx,pgd_2_3_16_6427.vnnlib,unsat,0,3,1,1,0,,"alpha_beta_crown,neuralsat,pyrat"
vit_2023,pgd_2_3_16.onnx,pgd_2_3_16_646.vnnlib,unknown,0,0,3,0,2,,
vit_2023,pgd_2_3_16.onnx,pgd_2_3_16_6461.vnnlib,unknown,0,0,3,1,1,,
vit_2023,pgd_2_3_16.onnx,pgd_2_3_16_6539.vnnlib,unsat,0,3,1,0,1,,"alpha_beta_crown,neuralsat,pyrat"
vit_2023,pgd_2_3_16.onnx,pgd_2_3_16_6578.vnnlib,unsat,0,3,1,0,1,,"alpha_beta_crown,neuralsat,pyrat"
vit_2023,pgd_2_3_16.onnx,pgd_2_3_16_6628.vnnlib,unknown,0,0,3,0,2,,
vit_2023,pgd_2_3_16.onnx,pgd_2_3_16_6805.vnnlib,unsat,0,2,2,0,1,,"alpha_beta_crown,neuralsat"
vit_2023,pgd_2_3_16.onnx,pgd_2_3_16_6942.vnnlib,unsat,0,2,1,1,1,,"alpha_beta_crown,neuralsat"
vit_2023,pgd_2_3_16.onnx,pgd_2_3_16_7065.vnnlib,unsat,0,1,2,1,1,,alpha_beta_crown
vit_2023,pgd_2_3_16.onnx,pgd_2_3_16_7086.vnnlib,unknown,0,0,3,0,2,,
vit_2023,pgd_2_3_16.onnx,pgd_2_3_16_7102.vnnlib,unsat,0,3,1,1,0,,"alpha_beta_crown,neuralsat,pyrat"
vit_2023,pgd_2_3_16.onnx,pgd_2_3_16_7144.vnnlib,unsat,0,3,1,1,0,,"alpha_beta_crown,neuralsat,pyrat"
vit_2023,pgd_2_3_16.onnx,pgd_2_3_16_7154.vnnlib,unsat,0,2,2,1,0,,"alpha_beta_crown,neuralsat"
vit_2023,pgd_2_3_16.onnx,pgd_2_3_16_7209.vnnlib,unsat,0,2,2,1,0,,"alpha_beta_crown,neuralsat"
vit_2023,pgd_2_3_16.onnx,pgd_2_3_16_722.vnnlib,unsat,0,3,1,1,0,,"alpha_beta_crown,neuralsat,pyrat"
vit_2023,pgd_2_3_16.onnx,pgd_2_3_16_7363.vnnlib,unknown,0,0,3,0,2,,
vit_2023,pgd_2_3_16.onnx,pgd_2_3_16_7403.vnnlib,unknown,0,0,3,1,1,,
vit_2023,pgd_2_3_16.onnx,pgd_2_3_16_747.vnnlib,unsat,0,3,1,0,1,,"alpha_beta_crown,neuralsat,pyrat"
vit_2023,pgd_2_3_16.onnx,pgd_2_3_16_7576.vnnlib,unsat,0,3,1,0,1,,"alpha_beta_crown,neuralsat,pyrat"
vit_2023,pgd_2_3_16.onnx,pgd_2_3_16_7579.vnnlib,unknown,0,0,3,0,2,,
vit_2023,pgd_2_3_16.onnx,pgd_2_3_16_7664.vnnlib,unsat,0,2,2,0,1,,"alpha_beta_crown,neuralsat"
vit_2023,pgd_2_3_16.onnx,pgd_2_3_16_7724.vnnlib,unsat,0,2,2,1,0,,"alpha_beta_crown,neuralsat"
vit_2023,pgd_2_3_16.onnx,pgd_2_3_16_7796.vnnlib,unsat,0,3,1,1,0,,"alpha_beta_crown,neuralsat,pyrat"
vit_2023,pgd_2_3_16.onnx,pgd_2_3_16_7869.vnnlib,unknown,0,0,3,1,1,,
vit_2023,pgd_2_3_16.onnx,pgd_2_3_16_8164.vnnlib,unknown,0,0,3,0,2,,
vit_2023,pgd_2_3_16.onnx,pgd_2_3_16_8341.vnnlib,unknown,0,0,3,0,2,,
vit_2023,pgd_2_3_16.onnx,pgd_2_3_16_8751.vnnlib,unsat,0,1,2,0,2,,alpha_beta_crown
vit_2023,pgd_2_3_16.onnx,pgd_2_3_16_8776.vnnlib,unknown,0,0,3,0,2,,
vit_2023,pgd_2_3_16.onnx,pgd_2_3_16_8808.vnnlib,unknown,0,0,3,0,2,,
vit_2023,pgd_2_3_16.onnx,pgd_2_3_16_8836.vnnlib,unsat,0,2,2,0,1,,"alpha_beta_crown,neuralsat"
vit_2023,pgd_2_3_16.onnx,pgd_2_3_16_8907.vnnlib,unsat,0,3,1,1,0,,"alpha_beta_crown,neuralsat,pyrat"
vit_2023,pgd_2_3_16.onnx,pgd_2_3_16_9016.vnnlib,unknown,0,0,3,1,1,,
vit_2023,pgd_2_3_16.onnx,pgd_2_3_16_9276.vnnlib,unknown,0,0,3,0,2,,
vit_2023,pgd_2_3_16.onnx,pgd_2_3_16_9306.vnnlib,unknown,0,0,3,1,1,,
vit_2023,pgd_2_3_16.onnx,pgd_2_3_16_9347.vnnlib,unsat,0,2,2,0,1,,"alpha_beta_crown,neuralsat"
vit_2023,pgd_2_3_16.onnx,pgd_2_3_16_94.vnnlib,unknown,0,0,3,0,2,,
vit_2023,pgd_2_3_16.onnx,pgd_2_3_16_9466.vnnlib,unsat,0,1,2,0,2,,alpha_beta_crown
vit_2023,pgd_2_3_16.onnx,pgd_2_3_16_953.vnnlib,unsat,0,2,2,0,1,,"alpha_beta_crown,neuralsat"
vit_2023,pgd_2_3_16.onnx,pgd_2_3_16_9655.vnnlib,unsat,0,3,1,1,0,,"alpha_beta_crown,neuralsat,pyrat"
vit_2023,pgd_2_3_16.onnx,pgd_2_3_16_9719.vnnlib,unsat,0,2,2,0,1,,"alpha_beta_crown,neuralsat"
vit_2023,pgd_2_3_16.onnx,pgd_2_3_16_9785.vnnlib,unknown,0,0,3,1,1,,
vit_2023,pgd_2_3_16.onnx,pgd_2_3_16_9825.vnnlib,unknown,0,0,3,0,2,,
vit_2023,pgd_2_3_16.onnx,pgd_2_3_16_9835.vnnlib,unsat,0,2,2,0,1,,"alpha_beta_crown,neuralsat"
vit_2023,pgd_2_3_16.onnx,pgd_2_3_16_988.vnnlib,unknown,0,0,3,1,1,,
vit_2023,test_nano.onnx,test_nano.vnnlib,unsat,0,3,0,1,1,,"alpha_beta_crown,neuralsat,pyrat"
